日期,买卖信号,Q25预测,Q75预测,Q25真实,Q75真实
2015-11-23,1,32.624200897216795,33.95580093383789,32.624200897216795,33.95580093383789
2015-11-24,1,32.83,34.17,32.83,34.17
2015-11-25,1,33.0161986541748,34.36379859924317,33.0161986541748,34.36379859924317
2015-11-27,1,33.06520164489746,34.41480171203613,33.06520164489746,34.41480171203613
2015-11-30,1,33.0357991027832,34.38419906616211,33.0357991027832,34.38419906616211
2015-12-01,1,33.3396004486084,34.70040046691894,33.3396004486084,34.70040046691894
2015-12-02,1,32.91820014953613,34.26180015563965,32.91820014953613,34.26180015563965
2015-12-03,1,32.3203995513916,33.63959953308105,32.3203995513916,33.63959953308105
2015-12-04,1,33.81979835510254,35.200198287963865,33.81979835510254,35.200198287963865
2015-12-07,1,33.398401794433596,34.76160186767578,33.398401794433596,34.76160186767578
2015-12-08,1,33.18280059814453,34.53720062255859,33.18280059814453,34.53720062255859
2015-12-09,1,32.31060119628906,33.62940124511719,32.31060119628906,33.62940124511719
2015-12-10,1,32.59479835510254,33.925198287963866,32.59479835510254,33.925198287963866
2015-12-11,1,31.1346004486084,32.40540046691895,31.1346004486084,32.40540046691895
2015-12-14,1,31.605,32.895,31.605,32.895
2015-12-15,1,32.51640029907227,33.843600311279296,32.51640029907227,33.843600311279296
2015-12-16,1,33.1338013458252,34.48620140075683,33.1338013458252,34.48620140075683
2015-12-17,1,32.5457991027832,33.87419906616211,32.5457991027832,33.87419906616211
2015-12-18,1,31.271799850463868,32.548199844360354,31.271799850463868,32.548199844360354
2015-12-21,1,31.565799102783203,32.85419906616211,31.565799102783203,32.85419906616211
2015-12-22,1,32.24200149536133,33.55800155639648,32.24200149536133,33.55800155639648
2015-12-23,1,32.39880134582519,33.72120140075684,32.39880134582519,33.72120140075684
2015-12-24,1,32.38899925231934,33.71099922180176,32.38899925231934,33.71099922180176
2015-12-28,1,32.44780059814453,33.77220062255859,32.44780059814453,33.77220062255859
2015-12-29,1,32.88880134582519,34.23120140075684,32.88880134582519,34.23120140075684
2015-12-30,1,32.585,33.915,32.585,33.915
2015-12-31,1,32.27140029907226,33.5886003112793,32.27140029907226,33.5886003112793
2016-01-04,1,31.340399551391602,32.61959953308106,31.340399551391602,32.61959953308106
2016-01-05,1,31.24239917755127,32.51759914398193,31.24239917755127,32.51759914398193
2016-01-06,1,30.174200897216796,31.40580093383789,30.174200897216796,31.40580093383789
2016-01-07,1,28.596400299072265,29.763600311279298,28.596400299072265,29.763600311279298
2016-01-08,1,28.419999999999998,29.580000000000002,28.419999999999998,29.580000000000002
2016-01-11,1,28.1651997756958,29.314799766540528,28.1651997756958,29.314799766540528
2016-01-12,1,28.6551997756958,29.82479976654053,28.6551997756958,29.82479976654053
2016-01-13,1,27.155799102783202,28.26419906616211,27.155799102783202,28.26419906616211
2016-01-14,1,27.55760082244873,28.682400856018067,27.55760082244873,28.682400856018067
2016-01-15,1,26.479600448608398,27.560400466918946,26.479600448608398,27.560400466918946
2016-01-19,1,25.979800224304203,27.040200233459476,25.979800224304203,27.040200233459476
2016-01-20,1,24.764600448608398,25.775400466918946,24.764600448608398,25.775400466918946
2016-01-21,1,23.89239917755127,24.867599143981934,23.89239917755127,24.867599143981934
2016-01-22,1,25.31339992523193,26.34659992218017,25.31339992523193,26.34659992218017
2016-01-25,1,24.666600074768066,25.673400077819824,24.666600074768066,25.673400077819824
2016-01-26,1,24.941000747680665,25.95900077819824,24.941000747680665,25.95900077819824
2016-01-27,1,24.745,25.755,24.745,25.755
2016-01-28,1,24.323599700927733,25.316399688720704,24.323599700927733,25.316399688720704
2016-01-29,1,25.019400672912596,26.04060070037842,25.019400672912596,26.04060070037842
2016-02-01,1,24.7744006729126,25.785600700378417,24.7744006729126,25.785600700378417
2016-02-02,1,23.62780059814453,24.59220062255859,23.62780059814453,24.59220062255859
2016-02-03,1,23.89239917755127,24.867599143981934,23.89239917755127,24.867599143981934
2016-02-04,1,24.4705993270874,25.46939929962158,24.4705993270874,25.46939929962158
2016-02-05,1,23.872800598144526,24.847200622558592,23.872800598144526,24.847200622558592
2016-02-08,1,23.137800598144526,24.08220062255859,23.137800598144526,24.08220062255859
2016-02-09,1,22.87320014953613,23.80680015563965,22.87320014953613,23.80680015563965
2016-02-10,1,22.246000747680664,23.15400077819824,22.246000747680664,23.15400077819824
2016-02-11,1,21.7755993270874,22.66439929962158,21.7755993270874,22.66439929962158
2016-02-12,1,22.363599700927733,23.276399688720705,22.363599700927733,23.276399688720705
2016-02-16,1,23.10839992523193,24.051599922180174,23.10839992523193,24.051599922180174
2016-02-17,1,23.9903995513916,24.969599533081055,23.9903995513916,24.969599533081055
2016-02-18,1,23.676799850463865,24.643199844360353,23.676799850463865,24.643199844360353
2016-02-19,1,23.951200523376464,24.92880054473877,23.951200523376464,24.92880054473877
2016-02-22,1,24.049200897216796,25.03080093383789,24.049200897216796,25.03080093383789
2016-02-23,1,23.647399177551268,24.612599143981935,23.647399177551268,24.612599143981935
2016-02-24,1,23.206400299072264,24.1536003112793,23.206400299072264,24.1536003112793
2016-02-25,1,23.60820014953613,24.57180015563965,23.60820014953613,24.57180015563965
2016-02-26,1,24.950799102783204,25.96919906616211,24.950799102783204,25.96919906616211
2016-02-29,1,24.548999252319337,25.550999221801757,24.548999252319337,25.550999221801757
2016-03-01,1,25.86219940185547,26.917799377441412,25.86219940185547,26.917799377441412
2016-03-02,1,26.2051997756958,27.27479976654053,26.2051997756958,27.27479976654053
2016-03-03,1,26.567800598144526,27.652200622558592,26.567800598144526,27.652200622558592
2016-03-04,1,26.60699962615967,27.692999610900884,26.60699962615967,27.692999610900884
2016-03-07,1,26.979400672912597,28.08060070037842,26.979400672912597,28.08060070037842
2016-03-08,1,26.136600074768065,27.203400077819825,26.136600074768065,27.203400077819825
2016-03-09,1,26.018999252319336,27.080999221801758,26.018999252319336,27.080999221801758
2016-03-10,1,26.10719940185547,27.17279937744141,26.10719940185547,27.17279937744141
2016-03-11,1,27.636000747680665,28.76400077819824,27.636000747680665,28.76400077819824
2016-03-14,1,27.283200149536132,28.39680015563965,27.283200149536132,28.39680015563965
2016-03-15,1,27.1851997756958,28.294799766540528,27.1851997756958,28.294799766540528
2016-03-16,1,26.381600074768066,27.458400077819825,26.381600074768066,27.458400077819825
2016-03-17,1,27.116600074768066,28.223400077819825,27.116600074768066,28.223400077819825
2016-03-18,1,27.80260082244873,28.937400856018066,27.80260082244873,28.937400856018066
2016-03-21,1,27.714400672912596,28.84560070037842,27.714400672912596,28.84560070037842
2016-03-22,1,27.841799850463868,28.97819984436035,27.841799850463868,28.97819984436035
2016-03-23,1,27.4694006729126,28.590600700378417,27.4694006729126,28.590600700378417
2016-03-24,1,27.528200149536133,28.65180015563965,27.528200149536133,28.65180015563965
2016-03-28,1,27.528200149536133,28.65180015563965,27.528200149536133,28.65180015563965
2016-03-29,1,27.4596004486084,28.580400466918945,27.4596004486084,28.580400466918945
2016-03-30,1,27.606600074768068,28.733400077819823,27.606600074768068,28.733400077819823
2016-03-31,1,27.4596004486084,28.580400466918945,27.4596004486084,28.580400466918945
2016-04-01,1,27.81239917755127,28.947599143981932,27.81239917755127,28.947599143981932
2016-04-04,1,27.4301997756958,28.549799766540527,27.4301997756958,28.549799766540527
2016-04-05,1,26.84219940185547,27.93779937744141,26.84219940185547,27.93779937744141
2016-04-06,1,27.273399925231928,28.386599922180174,27.273399925231928,28.386599922180174
2016-04-07,1,25.86219940185547,26.917799377441412,25.86219940185547,26.917799377441412
2016-04-08,1,26.077800598144528,27.14220062255859,26.077800598144528,27.14220062255859
2016-04-11,1,26.499200897216795,27.580800933837892,26.499200897216795,27.580800933837892
2016-04-12,1,26.901000747680662,27.999000778198244,26.901000747680662,27.999000778198244
2016-04-13,1,28.04760082244873,29.192400856018068,28.04760082244873,29.192400856018068
2016-04-14,1,28.1651997756958,29.314799766540528,28.1651997756958,29.314799766540528
2016-04-15,1,27.959400672912597,29.10060070037842,27.959400672912597,29.10060070037842
2016-04-18,1,28.273000373840333,29.42700038909912,28.273000373840333,29.42700038909912
2016-04-19,1,28.194600448608398,29.345400466918946,28.194600448608398,29.345400466918946
2016-04-20,1,28.508200149536133,29.671800155639648,28.508200149536133,29.671800155639648
2016-04-21,1,28.54739917755127,29.712599143981933,28.54739917755127,29.712599143981933
2016-04-22,1,29.1255993270874,30.314399299621577,29.1255993270874,30.314399299621577
2016-04-25,1,29.03739917755127,30.222599143981935,29.03739917755127,30.222599143981935
2016-04-26,1,29.262800598144526,30.45720062255859,29.262800598144526,30.45720062255859
2016-04-27,1,29.30199962615967,30.497999610900884,29.30199962615967,30.497999610900884
2016-04-28,1,28.4003995513916,29.559599533081055,28.4003995513916,29.559599533081055
2016-04-29,1,27.841799850463868,28.97819984436035,27.841799850463868,28.97819984436035
2016-05-02,1,28.214200897216795,29.365800933837892,28.214200897216795,29.365800933837892
2016-05-03,1,27.439999999999998,28.560000000000002,27.439999999999998,28.560000000000002
2016-05-04,1,26.989200897216797,28.09080093383789,26.989200897216797,28.09080093383789
2016-05-05,1,26.989200897216797,28.09080093383789,26.989200897216797,28.09080093383789
2016-05-06,1,26.763799476623536,27.85619945526123,26.763799476623536,27.85619945526123
2016-05-09,1,26.7246004486084,27.815400466918945,26.7246004486084,27.815400466918945
2016-05-10,1,27.4498002243042,28.570200233459477,27.4498002243042,28.570200233459477
2016-05-11,1,27.234200897216798,28.34580093383789,27.234200897216798,28.34580093383789
2016-05-12,1,27.381200523376464,28.49880054473877,27.381200523376464,28.49880054473877
2016-05-13,1,26.979400672912597,28.08060070037842,26.979400672912597,28.08060070037842
2016-05-16,1,27.136200523376463,28.24380054473877,27.136200523376463,28.24380054473877
2016-05-17,1,27.361600074768067,28.478400077819824,27.361600074768067,28.478400077819824
2016-05-18,1,28.704200897216797,29.87580093383789,28.704200897216797,29.87580093383789
2016-05-19,1,28.380799102783204,29.53919906616211,28.380799102783204,29.53919906616211
2016-05-20,1,28.851200523376463,30.028800544738772,28.851200523376463,30.028800544738772
2016-05-23,1,28.694400672912597,29.86560070037842,28.694400672912597,29.86560070037842
2016-05-24,1,29.6155993270874,30.82439929962158,29.6155993270874,30.82439929962158
2016-05-25,1,30.027199401855473,31.25279937744141,30.027199401855473,31.25279937744141
2016-05-26,1,29.54699962615967,30.752999610900883,29.54699962615967,30.752999610900883
2016-05-27,1,30.01739917755127,31.242599143981934,30.01739917755127,31.242599143981934
2016-05-31,1,29.968399925231928,31.191599922180174,29.968399925231928,31.191599922180174
2016-06-01,1,30.193799476623536,31.42619945526123,30.193799476623536,31.42619945526123
2016-06-02,1,30.223200149536133,31.456800155639648,30.223200149536133,31.456800155639648
2016-06-03,1,28.635599327087398,29.80439929962158,28.635599327087398,29.80439929962158
2016-06-06,1,29.203999252319335,30.39599922180176,29.203999252319335,30.39599922180176
2016-06-07,1,28.91,30.09,28.91,30.09
2016-06-08,1,28.861000747680663,30.039000778198243,28.861000747680663,30.039000778198243
2016-06-09,1,28.508200149536133,29.671800155639648,28.508200149536133,29.671800155639648
2016-06-10,1,27.881000747680662,29.019000778198244,27.881000747680662,29.019000778198244
2016-06-13,1,27.57719940185547,28.702799377441412,27.57719940185547,28.702799377441412
2016-06-14,1,27.4203995513916,28.539599533081056,27.4203995513916,28.539599533081056
2016-06-15,1,27.890799102783202,29.02919906616211,27.890799102783202,29.02919906616211
2016-06-16,1,27.939800224304204,29.080200233459475,27.939800224304204,29.080200233459475
2016-06-17,1,27.81239917755127,28.947599143981932,27.81239917755127,28.947599143981932
2016-06-20,1,28.076999626159672,29.22299961090088,28.076999626159672,29.22299961090088
2016-06-21,1,27.81239917755127,28.947599143981932,27.81239917755127,28.947599143981932
2016-06-22,1,27.773200149536134,28.906800155639647,27.773200149536134,28.906800155639647
2016-06-23,1,29.096200523376464,30.28380054473877,29.096200523376464,30.28380054473877
2016-06-24,1,25.62699962615967,26.672999610900884,25.62699962615967,26.672999610900884
2016-06-27,1,23.568999252319337,24.530999221801757,23.568999252319337,24.530999221801757
2016-06-28,1,24.068799476623536,25.05119945526123,24.068799476623536,25.05119945526123
2016-06-29,1,24.793999252319335,25.80599922180176,24.793999252319335,25.80599922180176
2016-06-30,1,24.803799476623535,25.81619945526123,24.803799476623535,25.81619945526123
2016-07-01,1,24.60780059814453,25.61220062255859,24.60780059814453,25.61220062255859
2016-07-05,1,23.853200149536132,24.82680015563965,23.853200149536132,24.82680015563965
2016-07-06,1,24.176600074768064,25.163400077819826,24.176600074768064,25.163400077819826
2016-07-07,1,24.7548002243042,25.765200233459478,24.7548002243042,25.765200233459478
2016-07-08,1,25.215399551391602,26.244599533081054,25.215399551391602,26.244599533081054
2016-07-11,1,25.264400672912597,26.29560070037842,25.264400672912597,26.29560070037842
2016-07-12,1,26.224800224304204,27.295200233459475,26.224800224304204,27.295200233459475
2016-07-13,1,25.901400299072264,26.958600311279298,25.901400299072264,26.958600311279298
2016-07-14,1,26.381600074768066,27.458400077819825,26.381600074768066,27.458400077819825
2016-07-15,1,26.4894006729126,27.570600700378417,26.4894006729126,27.570600700378417
2016-07-18,1,26.558000373840333,27.64200038909912,26.558000373840333,27.64200038909912
2016-07-19,1,26.930399551391602,28.029599533081054,26.930399551391602,28.029599533081054
2016-07-20,1,27.361600074768067,28.478400077819824,27.361600074768067,28.478400077819824
2016-07-21,1,27.30280059814453,28.41720062255859,27.30280059814453,28.41720062255859
2016-07-22,1,27.616400299072264,28.743600311279298,27.616400299072264,28.743600311279298
2016-07-25,1,27.694800224304203,28.825200233459476,27.694800224304203,28.825200233459476
2016-07-26,1,28.076999626159672,29.22299961090088,28.076999626159672,29.22299961090088
2016-07-27,1,28.135799102783203,29.28419906616211,28.135799102783203,29.28419906616211
2016-07-28,1,28.135799102783203,29.28419906616211,28.135799102783203,29.28419906616211
2016-07-29,1,27.851600074768065,28.988400077819826,27.851600074768065,28.988400077819826
2016-08-01,1,27.773200149536134,28.906800155639647,27.773200149536134,28.906800155639647
2016-08-02,1,27.371400299072267,28.488600311279296,27.371400299072267,28.488600311279296
2016-08-03,1,27.82219940185547,28.95779937744141,27.82219940185547,28.95779937744141
2016-08-04,1,27.9201997756958,29.05979976654053,27.9201997756958,29.05979976654053
2016-08-05,1,29.331400299072264,30.5286003112793,29.331400299072264,30.5286003112793
2016-08-08,1,29.458799476623536,30.66119945526123,29.458799476623536,30.66119945526123
2016-08-09,1,29.488200149536134,30.691800155639648,29.488200149536134,30.691800155639648
2016-08-10,1,28.968799476623534,30.15119945526123,28.968799476623534,30.15119945526123
2016-08-11,1,29.321600074768067,30.518400077819823,29.321600074768067,30.518400077819823
2016-08-12,1,29.106000747680664,30.294000778198242,29.106000747680664,30.294000778198242
2016-08-15,1,29.6057991027832,30.81419906616211,29.6057991027832,30.81419906616211
2016-08-16,1,29.53719940185547,30.74279937744141,29.53719940185547,30.74279937744141
2016-08-17,1,29.507800598144527,30.71220062255859,29.507800598144527,30.71220062255859
2016-08-18,1,29.586200523376466,30.79380054473877,29.586200523376466,30.79380054473877
2016-08-19,1,29.841000747680663,31.059000778198243,29.841000747680663,31.059000778198243
2016-08-22,1,29.576400299072265,30.783600311279297,29.576400299072265,30.783600311279297
2016-08-23,1,29.811600074768066,31.028400077819825,29.811600074768066,31.028400077819825
2016-08-24,1,29.625399551391602,30.834599533081054,29.625399551391602,30.834599533081054
2016-08-25,1,29.8801997756958,31.099799766540528,29.8801997756958,31.099799766540528
2016-08-26,1,30.331000747680662,31.569000778198244,30.331000747680662,31.569000778198244
2016-08-29,1,30.428999252319336,31.670999221801758,30.428999252319336,31.670999221801758
2016-08-30,1,30.977800598144526,32.24220062255859,30.977800598144526,32.24220062255859
2016-08-31,1,30.830799102783203,32.08919906616211,30.830799102783203,32.08919906616211
2016-09-01,1,30.360399551391602,31.599599533081054,30.360399551391602,31.599599533081054
2016-09-02,1,30.644600448608397,31.895400466918947,30.644600448608397,31.895400466918947
2016-09-06,1,30.1153995513916,31.344599533081055,30.1153995513916,31.344599533081055
2016-09-07,1,30.1546004486084,31.385400466918945,30.1546004486084,31.385400466918945
2016-09-08,1,30.301600074768064,31.538400077819826,30.301600074768064,31.538400077819826
2016-09-09,1,30.03699962615967,31.262999610900884,30.03699962615967,31.262999610900884
2016-09-12,1,30.25260082244873,31.487400856018066,30.25260082244873,31.487400856018066
2016-09-13,1,29.831200523376463,31.04880054473877,29.831200523376463,31.04880054473877
2016-09-14,1,29.6057991027832,30.81419906616211,29.6057991027832,30.81419906616211
2016-09-15,1,30.311400299072265,31.548600311279298,30.311400299072265,31.548600311279298
2016-09-16,1,29.919400672912598,31.140600700378418,29.919400672912598,31.140600700378418
2016-09-19,1,30.27219940185547,31.507799377441412,30.27219940185547,31.507799377441412
2016-09-20,1,30.134999999999998,31.365000000000002,30.134999999999998,31.365000000000002
2016-09-21,1,30.507399177551267,31.752599143981936,30.507399177551267,31.752599143981936
2016-09-22,1,30.6151997756958,31.86479976654053,30.6151997756958,31.86479976654053
2016-09-23,1,30.056600074768067,31.283400077819824,30.056600074768067,31.283400077819824
2016-09-26,1,29.850799102783203,31.06919906616211,29.850799102783203,31.06919906616211
2016-09-27,1,30.1153995513916,31.344599533081055,30.1153995513916,31.344599533081055
2016-09-28,1,30.438799476623533,31.681199455261233,30.438799476623533,31.681199455261233
2016-09-29,1,30.076200523376464,31.30380054473877,30.076200523376464,31.30380054473877
2016-09-30,1,30.938599700927735,32.201399688720706,30.938599700927735,32.201399688720706
2016-10-03,1,30.8503995513916,32.10959953308105,30.8503995513916,32.10959953308105
2016-10-04,1,31.21300037384033,32.48700038909912,31.21300037384033,32.48700038909912
2016-10-05,1,31.95780059814453,33.262200622558595,31.95780059814453,33.262200622558595
2016-10-06,1,31.781400299072263,33.078600311279295,31.781400299072263,33.078600311279295
2016-10-07,1,31.752001495361327,33.048001556396486,31.752001495361327,33.048001556396486
2016-10-10,1,31.801000747680664,33.099000778198246,31.801000747680664,33.099000778198246
2016-10-11,1,31.26199962615967,32.53799961090088,31.26199962615967,32.53799961090088
2016-10-12,1,31.0953995513916,32.364599533081055,31.0953995513916,32.364599533081055
2016-10-13,1,30.801400299072267,32.0586003112793,30.801400299072267,32.0586003112793
2016-10-14,1,31.3305993270874,32.60939929962158,31.3305993270874,32.60939929962158
2016-10-17,1,31.056200523376464,32.32380054473877,31.056200523376464,32.32380054473877
2016-10-18,1,31.565799102783203,32.85419906616211,31.565799102783203,32.85419906616211
2016-10-19,1,31.889200897216796,33.19080093383789,31.889200897216796,33.19080093383789
2016-10-20,1,31.526598205566405,32.81339813232422,31.526598205566405,32.81339813232422
2016-10-21,1,31.624600448608398,32.915400466918946,31.624600448608398,32.915400466918946
2016-10-24,1,31.546198654174805,32.83379859924317,31.546198654174805,32.83379859924317
2016-10-25,1,31.075799102783204,32.34419906616211,31.075799102783204,32.34419906616211
2016-10-26,1,31.507001495361326,32.79300155639648,31.507001495361326,32.79300155639648
2016-10-27,1,31.516799850463865,32.80319984436035,31.516799850463865,32.80319984436035
2016-10-28,1,31.25219940185547,32.52779937744141,31.25219940185547,32.52779937744141
2016-10-31,1,31.066000747680665,32.334000778198245,31.066000747680665,32.334000778198245
2016-11-01,1,31.01699962615967,32.28299961090088,31.01699962615967,32.28299961090088
2016-11-02,1,30.438799476623533,31.681199455261233,30.438799476623533,31.681199455261233
2016-11-03,1,30.52699962615967,31.772999610900882,30.52699962615967,31.772999610900882
2016-11-04,1,30.28199962615967,31.517999610900883,30.28199962615967,31.517999610900883
2016-11-07,1,31.663801345825195,32.95620140075684,31.663801345825195,32.95620140075684
2016-11-08,1,31.761799850463866,33.05819984436035,31.761799850463866,33.05819984436035
2016-11-09,1,33.0357991027832,34.38419906616211,33.0357991027832,34.38419906616211
2016-11-10,1,34.55479835510254,35.965198287963865,34.55479835510254,35.965198287963865
2016-11-11,1,35.35840179443359,36.801601867675785,35.35840179443359,36.801601867675785
2016-11-14,1,36.02479835510254,37.495198287963866,36.02479835510254,37.495198287963866
2016-11-15,1,36.45600074768066,37.944000778198244,36.45600074768066,37.944000778198244
2016-11-16,1,35.96600074768067,37.43400077819824,35.96600074768067,37.43400077819824
2016-11-17,1,36.2992008972168,37.78080093383789,36.2992008972168,37.78080093383789
2016-11-18,1,36.7303995513916,38.22959953308106,36.7303995513916,38.22959953308106
2016-11-21,1,37.33799850463866,38.86199844360351,37.33799850463866,38.86199844360351
2016-11-22,1,37.47520164489746,39.004801712036134,37.47520164489746,39.004801712036134
2016-11-23,1,38.32780059814453,39.8922006225586,38.32780059814453,39.8922006225586
2016-11-25,1,38.21020164489746,39.769801712036134,38.21020164489746,39.769801712036134
2016-11-28,1,37.58299850463867,39.11699844360351,37.58299850463867,39.11699844360351
2016-11-29,1,37.6907991027832,39.22919906616211,37.6907991027832,39.22919906616211
2016-11-30,1,37.886799850463866,39.43319984436035,37.886799850463866,39.43319984436035
2016-12-01,1,38.81780059814453,40.402200622558595,38.81780059814453,40.402200622558595
2016-12-02,1,37.98479835510254,39.535198287963865,37.98479835510254,39.535198287963865
2016-12-05,1,38.22,39.78,38.22,39.78
2016-12-06,1,38.4846004486084,40.05540046691895,38.4846004486084,40.05540046691895
2016-12-07,1,38.58259895324707,40.15739891052246,38.58259895324707,40.15739891052246
2016-12-08,1,38.631598205566405,40.20839813232422,38.631598205566405,40.20839813232422
2016-12-09,1,38.53359970092773,40.10639968872071,38.53359970092773,40.10639968872071
2016-12-12,1,38.249398803710946,39.81059875488282,38.249398803710946,39.81059875488282
2016-12-13,1,38.171000747680665,39.72900077819824,38.171000747680665,39.72900077819824
2016-12-14,1,38.22,39.78,38.22,39.78
2016-12-15,1,38.631598205566405,40.20839813232422,38.631598205566405,40.20839813232422
2016-12-16,1,38.06320014953613,39.61680015563965,38.06320014953613,39.61680015563965
2016-12-19,1,37.975,39.525,37.975,39.525
2016-12-20,1,39.347001495361326,40.95300155639649,39.347001495361326,40.95300155639649
2016-12-21,1,39.1803995513916,40.779599533081054,39.1803995513916,40.779599533081054
2016-12-22,1,38.9746004486084,40.565400466918945,38.9746004486084,40.565400466918945
2016-12-23,1,39.513599700927735,41.1263996887207,39.513599700927735,41.1263996887207
2016-12-27,1,39.660601196289065,41.279401245117185,39.660601196289065,41.279401245117185
2016-12-28,1,39.09219940185547,40.68779937744141,39.09219940185547,40.68779937744141
2016-12-29,1,38.7884017944336,40.37160186767578,38.7884017944336,40.37160186767578
2016-12-30,1,38.68060119628906,40.25940124511719,38.68060119628906,40.25940124511719
2017-01-03,1,39.39600074768067,41.00400077819824,39.39600074768067,41.00400077819824
2017-01-04,1,40.395601196289064,42.044401245117186,40.395601196289064,42.044401245117186
2017-01-05,1,40.15060119628906,41.78940124511719,40.15060119628906,41.78940124511719
2017-01-06,1,40.4053995513916,42.05459953308105,40.4053995513916,42.05459953308105
2017-01-09,1,40.29759895324707,41.94239891052246,40.29759895324707,41.94239891052246
2017-01-10,1,40.366198654174795,42.01379859924316,40.366198654174795,42.01379859924316
2017-01-11,1,40.49359970092773,42.146399688720706,40.49359970092773,42.146399688720706
2017-01-12,1,40.43479835510254,42.08519828796387,40.43479835510254,42.08519828796387
2017-01-13,1,40.58179985046387,42.23819984436035,40.58179985046387,42.23819984436035
2017-01-17,1,39.523401794433596,41.13660186767578,39.523401794433596,41.13660186767578
2017-01-18,1,40.27799850463867,41.921998443603506,40.27799850463867,41.921998443603506
2017-01-19,1,40.6111986541748,42.268798599243155,40.6111986541748,42.268798599243155
2017-01-20,1,40.48380134582519,42.13620140075684,40.48380134582519,42.13620140075684
2017-01-23,1,40.366198654174795,42.01379859924316,40.366198654174795,42.01379859924316
2017-01-24,1,40.96399925231933,42.63599922180176,40.96399925231933,42.63599922180176
2017-01-25,1,41.444200897216795,43.13580093383789,41.444200897216795,43.13580093383789
2017-01-26,1,41.601000747680665,43.29900077819824,41.601000747680665,43.29900077819824
2017-01-27,1,41.463801345825196,43.156201400756835,41.463801345825196,43.156201400756835
2017-01-30,1,40.993401794433595,42.66660186767578,40.993401794433595,42.66660186767578
2017-01-31,1,40.41520164489746,42.064801712036136,40.41520164489746,42.064801712036136
2017-02-01,1,40.51320014953613,42.16680015563965,40.51320014953613,42.16680015563965
2017-02-02,1,38.38659820556641,39.95339813232422,38.38659820556641,39.95339813232422
2017-02-03,1,39.366598205566405,40.97339813232422,39.366598205566405,40.97339813232422
2017-02-06,1,38.94520164489746,40.534801712036135,38.94520164489746,40.534801712036135
2017-02-07,1,38.886400299072264,40.4736003112793,38.886400299072264,40.4736003112793
2017-02-08,1,38.6511986541748,40.228798599243156,38.6511986541748,40.228798599243156
2017-02-09,1,39.27840179443359,40.88160186767578,39.27840179443359,40.88160186767578
2017-02-10,1,39.141198654174794,40.73879859924316,39.141198654174794,40.73879859924316
2017-02-13,1,39.90560119628906,41.53440124511719,39.90560119628906,41.53440124511719
2017-02-14,1,40.43479835510254,42.08519828796387,40.43479835510254,42.08519828796387
2017-02-15,1,41.316799850463866,43.00319984436035,41.316799850463866,43.00319984436035
2017-02-16,1,40.718999252319335,42.38099922180176,40.718999252319335,42.38099922180176
2017-02-17,1,40.718999252319335,42.38099922180176,40.718999252319335,42.38099922180176
2017-02-21,1,40.944398803710946,42.61559875488282,40.944398803710946,42.61559875488282
2017-02-22,1,40.78759895324707,42.45239891052246,40.78759895324707,42.45239891052246
2017-02-23,1,40.41520164489746,42.064801712036136,40.41520164489746,42.064801712036136
2017-02-24,1,40.28780059814453,41.9322006225586,40.28780059814453,41.9322006225586
2017-02-27,1,40.8953995513916,42.56459953308106,40.8953995513916,42.56459953308106
2017-02-28,1,39.60179985046387,41.21819984436035,39.60179985046387,41.21819984436035
2017-03-01,1,42.13020164489746,43.84980171203613,42.13020164489746,43.84980171203613
2017-03-02,1,41.3853995513916,43.074599533081056,41.3853995513916,43.074599533081056
2017-03-03,1,41.601000747680665,43.29900077819824,41.601000747680665,43.29900077819824
2017-03-06,1,41.26780059814453,42.95220062255859,41.26780059814453,42.95220062255859
2017-03-07,1,40.826799850463864,42.493199844360355,40.826799850463864,42.493199844360355
2017-03-08,1,41.02280059814453,42.6972006225586,41.02280059814453,42.6972006225586
2017-03-09,1,41.405,43.095,41.405,43.095
2017-03-10,1,41.6303995513916,43.32959953308106,41.6303995513916,43.32959953308106
2017-03-13,1,42.1203995513916,43.839599533081056,42.1203995513916,43.839599533081056
2017-03-14,1,41.81659820556641,43.52339813232422,41.81659820556641,43.52339813232422
2017-03-15,1,41.86560119628906,43.57440124511719,41.86560119628906,43.57440124511719
2017-03-16,1,42.65939880371094,44.40059875488282,42.65939880371094,44.40059875488282
2017-03-17,1,42.00280059814453,43.71720062255859,42.00280059814453,43.71720062255859
2017-03-20,1,41.405,43.095,41.405,43.095
2017-03-21,1,39.631198654174796,41.24879859924316,39.631198654174796,41.24879859924316
2017-03-22,1,39.356799850463865,40.96319984436035,39.356799850463865,40.96319984436035
2017-03-23,1,39.366598205566405,40.97339813232422,39.366598205566405,40.97339813232422
2017-03-24,1,39.2196004486084,40.82040046691895,39.2196004486084,40.82040046691895
2017-03-27,1,38.631598205566405,40.20839813232422,38.631598205566405,40.20839813232422
2017-03-28,1,39.68020164489746,41.299801712036135,39.68020164489746,41.299801712036135
2017-03-29,1,39.641000747680664,41.25900077819824,39.641000747680664,41.25900077819824
2017-03-30,1,40.31719940185547,41.96279937744141,40.31719940185547,41.96279937744141
2017-03-31,1,39.9938013458252,41.626201400756834,39.9938013458252,41.626201400756834
2017-04-03,1,39.75859970092773,41.381399688720705,39.75859970092773,41.381399688720705
2017-04-04,1,39.4253995513916,41.03459953308106,39.4253995513916,41.03459953308106
2017-04-05,1,38.6903995513916,40.269599533081056,38.6903995513916,40.269599533081056
2017-04-06,1,39.2588013458252,40.86120140075683,39.2588013458252,40.86120140075683
2017-04-07,1,39.10200149536133,40.698001556396484,39.10200149536133,40.698001556396484
2017-04-10,1,38.51399925231934,40.08599922180176,38.51399925231934,40.08599922180176
2017-04-11,1,38.151400299072264,39.7086003112793,38.151400299072264,39.7086003112793
2017-04-12,1,37.63200149536133,39.16800155639648,37.63200149536133,39.16800155639648
2017-04-13,1,36.77939880371095,38.28059875488282,36.77939880371095,38.28059875488282
2017-04-17,1,37.37719940185547,38.902799377441404,37.37719940185547,38.902799377441404
2017-04-18,1,37.15179985046387,38.66819984436035,37.15179985046387,38.66819984436035
2017-04-19,1,37.51439880371095,39.04559875488282,37.51439880371095,39.04559875488282
2017-04-20,1,37.90640029907227,39.453600311279295,37.90640029907227,39.453600311279295
2017-04-21,1,37.563401794433595,39.09660186767578,37.563401794433595,39.09660186767578
2017-04-24,1,38.406198654174794,39.97379859924316,38.406198654174794,39.97379859924316
2017-04-25,1,38.82759895324707,40.41239891052246,38.82759895324707,40.41239891052246
2017-04-26,1,39.2588013458252,40.86120140075683,39.2588013458252,40.86120140075683
2017-04-27,1,38.464999999999996,40.035000000000004,38.464999999999996,40.035000000000004
2017-04-28,1,38.07299850463866,39.62699844360351,38.07299850463866,39.62699844360351
2017-05-01,1,38.9353995513916,40.52459953308106,38.9353995513916,40.52459953308106
2017-05-02,1,39.22939880371094,40.83059875488282,39.22939880371094,40.83059875488282
2017-05-03,1,39.59200149536133,41.20800155639648,39.59200149536133,41.20800155639648
2017-05-04,1,39.356799850463865,40.96319984436035,39.356799850463865,40.96319984436035
2017-05-05,1,39.32740104675293,40.93260108947754,39.32740104675293,40.93260108947754
2017-05-08,1,39.60179985046387,41.21819984436035,39.60179985046387,41.21819984436035
2017-05-09,1,39.69,41.31,39.69,41.31
2017-05-10,1,39.347001495361326,40.95300155639649,39.347001495361326,40.95300155639649
2017-05-11,1,39.2196004486084,40.82040046691895,39.2196004486084,40.82040046691895
2017-05-12,1,38.81780059814453,40.402200622558595,38.81780059814453,40.402200622558595
2017-05-15,1,39.7292008972168,41.35080093383789,39.7292008972168,41.35080093383789
2017-05-16,1,39.85659820556641,41.48339813232422,39.85659820556641,41.48339813232422
2017-05-17,1,37.35759895324707,38.88239891052246,37.35759895324707,38.88239891052246
2017-05-18,1,37.563401794433595,39.09660186767578,37.563401794433595,39.09660186767578
2017-05-19,1,37.49479835510254,39.02519828796387,37.49479835510254,39.02519828796387
2017-05-22,1,37.7496004486084,39.290400466918946,37.7496004486084,39.290400466918946
2017-05-23,1,38.09259895324707,39.64739891052246,38.09259895324707,39.64739891052246
2017-05-24,1,38.22979835510254,39.79019828796387,38.22979835510254,39.79019828796387
2017-05-25,1,38.621799850463866,40.19819984436035,38.621799850463866,40.19819984436035
2017-05-26,1,38.729600448608394,40.31040046691895,38.729600448608394,40.31040046691895
2017-05-30,1,37.886799850463866,39.43319984436035,37.886799850463866,39.43319984436035
2017-05-31,1,37.975,39.525,37.975,39.525
2017-06-01,1,38.906000747680665,40.49400077819824,38.906000747680665,40.49400077819824
2017-06-02,1,38.171000747680665,39.72900077819824,38.171000747680665,39.72900077819824
2017-06-05,1,38.317998504638666,39.88199844360351,38.317998504638666,39.88199844360351
2017-06-06,1,37.94560119628906,39.49440124511719,37.94560119628906,39.49440124511719
2017-06-07,1,38.09259895324707,39.64739891052246,38.09259895324707,39.64739891052246
2017-06-08,1,38.96479835510254,40.55519828796387,38.96479835510254,40.55519828796387
2017-06-09,1,40.4642008972168,42.11580093383789,40.4642008972168,42.11580093383789
2017-06-12,1,41.04240104675293,42.71760108947754,41.04240104675293,42.71760108947754
2017-06-13,1,41.20899925231934,42.890999221801756,41.20899925231934,42.890999221801756
2017-06-14,1,41.453999252319335,43.14599922180176,41.453999252319335,43.14599922180176
2017-06-15,1,41.27759895324707,42.96239891052246,41.27759895324707,42.96239891052246
2017-06-16,1,41.08159820556641,42.75839813232422,41.08159820556641,42.75839813232422
2017-06-19,1,41.610799102783204,43.30919906616211,41.610799102783204,43.30919906616211
2017-06-20,1,41.297199401855465,42.98279937744141,41.297199401855465,42.98279937744141
2017-06-21,1,40.915,42.585,40.915,42.585
2017-06-22,1,40.79740104675293,42.46260108947754,40.79740104675293,42.46260108947754
2017-06-23,1,40.78759895324707,42.45239891052246,40.78759895324707,42.45239891052246
2017-06-26,1,41.01299850463867,42.68699844360351,41.01299850463867,42.68699844360351
2017-06-27,1,41.76759895324707,43.472398910522465,41.76759895324707,43.472398910522465
2017-06-28,1,41.99299850463866,43.70699844360351,41.99299850463866,43.70699844360351
2017-06-29,1,42.14979835510254,43.870198287963866,42.14979835510254,43.870198287963866
2017-06-30,1,42.1007991027832,43.81919906616211,42.1007991027832,43.81919906616211
2017-07-03,1,42.6103995513916,44.349599533081054,42.6103995513916,44.349599533081054
2017-07-05,1,42.806400299072266,44.5536003112793,42.806400299072266,44.5536003112793
2017-07-06,1,42.6103995513916,44.349599533081054,42.6103995513916,44.349599533081054
2017-07-07,1,42.45359970092773,44.186399688720705,42.45359970092773,44.186399688720705
2017-07-10,1,42.75740104675293,44.50260108947754,42.75740104675293,44.50260108947754
2017-07-11,1,42.23799850463866,43.96199844360351,42.23799850463866,43.96199844360351
2017-07-12,1,42.188999252319334,43.91099922180176,42.188999252319334,43.91099922180176
2017-07-13,1,42.316400299072264,44.0436003112793,42.316400299072264,44.0436003112793
2017-07-14,1,42.179200897216795,43.90080093383789,42.179200897216795,43.90080093383789
2017-07-17,1,42.071400299072266,43.788600311279296,42.071400299072266,43.788600311279296
2017-07-18,1,42.00280059814453,43.71720062255859,42.00280059814453,43.71720062255859
2017-07-19,1,41.326598205566405,43.01339813232422,41.326598205566405,43.01339813232422
2017-07-20,1,41.297199401855465,42.98279937744141,41.297199401855465,42.98279937744141
2017-07-21,1,41.30700149536133,42.993001556396486,41.30700149536133,42.993001556396486
2017-07-24,1,41.1207991027832,42.79919906616211,41.1207991027832,42.79919906616211
2017-07-25,1,42.09100074768066,43.80900077819825,42.09100074768066,43.80900077819825
2017-07-26,1,41.92439880371094,43.63559875488282,41.92439880371094,43.63559875488282
2017-07-27,1,41.68920089721679,43.390800933837895,41.68920089721679,43.390800933837895
2017-07-28,1,41.69899925231933,43.40099922180176,41.69899925231933,43.40099922180176
2017-07-31,1,42.042001495361326,43.758001556396486,42.042001495361326,43.758001556396486
2017-08-01,1,42.26740104675293,43.99260108947754,42.26740104675293,43.99260108947754
2017-08-02,1,42.159600448608394,43.88040046691895,42.159600448608394,43.88040046691895
2017-08-03,1,42.022401046752925,43.73760108947754,42.022401046752925,43.73760108947754
2017-08-04,1,42.24780059814453,43.972200622558596,42.24780059814453,43.972200622558596
2017-08-07,1,42.022401046752925,43.73760108947754,42.022401046752925,43.73760108947754
2017-08-08,1,41.86560119628906,43.57440124511719,41.86560119628906,43.57440124511719
2017-08-09,1,41.1796004486084,42.86040046691895,41.1796004486084,42.86040046691895
2017-08-10,1,39.79780059814453,41.42220062255859,39.79780059814453,41.42220062255859
2017-08-11,1,39.83700149536133,41.463001556396485,39.83700149536133,41.463001556396485
2017-08-14,1,40.29759895324707,41.94239891052246,40.29759895324707,41.94239891052246
2017-08-15,1,40.111400299072265,41.7486003112793,40.111400299072265,41.7486003112793
2017-08-16,1,39.92520164489746,41.55480171203613,39.92520164489746,41.55480171203613
2017-08-17,1,38.8765982055664,40.46339813232422,38.8765982055664,40.46339813232422
2017-08-18,1,38.71979835510254,40.300198287963866,38.71979835510254,40.300198287963866
2017-08-21,1,38.4846004486084,40.05540046691895,38.4846004486084,40.05540046691895
2017-08-22,1,38.9746004486084,40.565400466918945,38.9746004486084,40.565400466918945
2017-08-23,1,38.96479835510254,40.55519828796387,38.96479835510254,40.55519828796387
2017-08-24,1,38.84719940185547,40.432799377441405,38.84719940185547,40.432799377441405
2017-08-25,1,38.96479835510254,40.55519828796387,38.96479835510254,40.55519828796387
2017-08-28,1,38.749200897216795,40.33080093383789,38.749200897216795,40.33080093383789
2017-08-29,1,38.39640029907226,39.9636003112793,38.39640029907226,39.9636003112793
2017-08-30,1,38.778599700927735,40.3613996887207,38.778599700927735,40.3613996887207
2017-08-31,1,39.10200149536133,40.698001556396484,39.10200149536133,40.698001556396484
2017-09-01,1,39.356799850463865,40.96319984436035,39.356799850463865,40.96319984436035
2017-09-05,1,37.994600448608395,39.54540046691895,37.994600448608395,39.54540046691895
2017-09-06,1,38.151400299072264,39.7086003112793,38.151400299072264,39.7086003112793
2017-09-07,1,37.34780059814453,38.872200622558594,37.34780059814453,38.872200622558594
2017-09-08,1,37.90640029907227,39.453600311279295,37.90640029907227,39.453600311279295
2017-09-11,1,38.52380134582519,40.09620140075684,38.52380134582519,40.09620140075684
2017-09-12,1,39.04320014953613,40.63680015563965,39.04320014953613,40.63680015563965
2017-09-13,1,39.00399925231933,40.59599922180176,39.00399925231933,40.59599922180176
2017-09-14,1,39.19020164489746,40.78980171203613,39.19020164489746,40.78980171203613
2017-09-15,1,39.4057991027832,41.014199066162114,39.4057991027832,41.014199066162114
2017-09-18,1,39.83700149536133,41.463001556396485,39.83700149536133,41.463001556396485
2017-09-19,1,40.219200897216794,41.86080093383789,40.219200897216794,41.86080093383789
2017-09-20,1,40.77780059814453,42.442200622558595,40.77780059814453,42.442200622558595
2017-09-21,1,41.23840179443359,42.92160186767578,41.23840179443359,42.92160186767578
2017-09-22,1,41.68920089721679,43.390800933837895,41.68920089721679,43.390800933837895
2017-09-25,1,41.65,43.35,41.65,43.35
2017-09-26,1,41.97340179443359,43.68660186767578,41.97340179443359,43.68660186767578
2017-09-27,1,43.1592008972168,44.92080093383789,43.1592008972168,44.92080093383789
2017-09-28,1,42.75740104675293,44.50260108947754,42.75740104675293,44.50260108947754
2017-09-29,1,42.86520164489746,44.61480171203613,42.86520164489746,44.61480171203613
2017-10-02,1,43.1592008972168,44.92080093383789,43.1592008972168,44.92080093383789
2017-10-03,1,43.570799102783205,45.34919906616211,43.570799102783205,45.34919906616211
2017-10-04,1,43.39439880371094,45.16559875488282,43.39439880371094,45.16559875488282
2017-10-05,1,44.276400299072264,46.0836003112793,44.276400299072264,46.0836003112793
2017-10-06,1,44.433200149536134,46.24680015563965,44.433200149536134,46.24680015563965
2017-10-09,1,44.50179985046387,46.31819984436035,44.50179985046387,46.31819984436035
2017-10-10,1,44.18820014953613,45.99180015563965,44.18820014953613,45.99180015563965
2017-10-11,1,44.403801345825194,46.21620140075684,44.403801345825194,46.21620140075684
2017-10-12,1,44.12939880371094,45.93059875488282,44.12939880371094,45.93059875488282
2017-10-13,1,43.8353995513916,45.62459953308105,43.8353995513916,45.62459953308105
2017-10-16,1,43.58060119628906,45.35940124511719,43.58060119628906,45.35940124511719
2017-10-17,1,42.52219940185547,44.25779937744141,42.52219940185547,44.25779937744141
2017-10-18,1,42.6103995513916,44.349599533081054,42.6103995513916,44.349599533081054
2017-10-19,1,42.4046004486084,44.135400466918945,42.4046004486084,44.135400466918945
2017-10-20,1,43.78640029907226,45.5736003112793,43.78640029907226,45.5736003112793
2017-10-23,1,43.58060119628906,45.35940124511719,43.58060119628906,45.35940124511719
2017-10-24,1,44.2861986541748,46.09379859924316,44.2861986541748,46.09379859924316
2017-10-25,1,43.75700149536133,45.54300155639648,43.75700149536133,45.54300155639648
2017-10-26,1,44.442998504638666,46.25699844360351,44.442998504638666,46.25699844360351
2017-10-27,1,44.011799850463866,45.80819984436035,44.011799850463866,45.80819984436035
2017-10-30,1,43.952998504638664,45.74699844360351,43.952998504638664,45.74699844360351
2017-10-31,1,43.94320014953613,45.73680015563965,43.94320014953613,45.73680015563965
2017-11-01,1,43.35520164489746,45.12480171203613,43.35520164489746,45.12480171203613
2017-11-02,1,44.1588013458252,45.961201400756835,44.1588013458252,45.961201400756835
2017-11-03,1,43.92359970092773,45.716399688720706,43.92359970092773,45.716399688720706
2017-11-06,1,43.75700149536133,45.54300155639648,43.75700149536133,45.54300155639648
2017-11-07,1,43.26700149536133,45.033001556396485,43.26700149536133,45.033001556396485
2017-11-08,1,43.39439880371094,45.16559875488282,43.39439880371094,45.16559875488282
2017-11-09,1,43.12,44.88,43.12,44.88
2017-11-10,1,43.384600448608396,45.15540046691895,43.384600448608396,45.15540046691895
2017-11-13,1,43.70799850463867,45.49199844360351,43.70799850463867,45.49199844360351
2017-11-14,1,43.698200149536135,45.48180015563965,43.698200149536135,45.48180015563965
2017-11-15,1,43.649200897216794,45.430800933837894,43.649200897216794,45.430800933837894
2017-11-16,1,43.74719940185547,45.53279937744141,43.74719940185547,45.53279937744141
2017-11-17,1,43.78640029907226,45.5736003112793,43.78640029907226,45.5736003112793
2017-11-20,1,44.21759895324707,46.02239891052246,44.21759895324707,46.02239891052246
2017-11-21,1,45.158401794433594,47.00160186767578,45.158401794433594,47.00160186767578
2017-11-22,1,44.883999252319335,46.71599922180176,44.883999252319335,46.71599922180176
2017-11-24,1,44.86439880371094,46.69559875488282,44.86439880371094,46.69559875488282
2017-11-27,1,44.854600448608394,46.68540046691895,44.854600448608394,46.68540046691895
2017-11-28,1,46.19719940185547,48.082799377441404,46.19719940185547,48.082799377441404
2017-11-29,1,47.451598205566405,49.38839813232422,47.451598205566405,49.38839813232422
2017-11-30,1,47.81420089721679,49.765800933837895,47.81420089721679,49.765800933837895
2017-12-01,1,48.51,50.49,48.51,50.49
2017-12-04,1,50.51899925231933,52.58099922180176,50.51899925231933,52.58099922180176
2017-12-05,1,49.76439880371095,51.79559875488282,49.76439880371095,51.79559875488282
2017-12-06,1,49.529200897216796,51.55080093383789,49.529200897216796,51.55080093383789
2017-12-07,1,50.05840179443359,52.10160186767578,50.05840179443359,52.10160186767578
2017-12-08,1,50.36219940185547,52.417799377441405,50.36219940185547,52.417799377441405
2017-12-11,1,49.70560119628906,51.73440124511719,49.70560119628906,51.73440124511719
2017-12-12,1,50.528801345825194,52.59120140075684,50.528801345825194,52.59120140075684
2017-12-13,1,49.32340179443359,51.33660186767578,49.32340179443359,51.33660186767578
2017-12-14,1,49.196000747680664,51.20400077819824,49.196000747680664,51.20400077819824
2017-12-15,1,50.25439880371094,52.30559875488282,50.25439880371094,52.30559875488282
2017-12-18,1,50.70520164489746,52.77480171203614,50.70520164489746,52.77480171203614
2017-12-19,1,50.77380134582519,52.84620140075684,50.77380134582519,52.84620140075684
2017-12-20,1,50.77380134582519,52.84620140075684,50.77380134582519,52.84620140075684
2017-12-21,1,51.234398803710945,53.32559875488282,51.234398803710945,53.32559875488282
2017-12-22,1,51.03840179443359,53.121601867675786,51.03840179443359,53.121601867675786
2017-12-26,1,50.83259895324707,52.90739891052246,50.83259895324707,52.90739891052246
2017-12-27,1,50.812998504638664,52.88699844360351,50.812998504638664,52.88699844360351
2017-12-28,1,50.999200897216795,53.08080093383789,50.999200897216795,53.08080093383789
2017-12-29,1,50.34259895324707,52.39739891052246,50.34259895324707,52.39739891052246
2018-01-02,1,50.4111986541748,52.46879859924316,50.4111986541748,52.46879859924316
2018-01-03,1,50.4896004486084,52.550400466918944,50.4896004486084,52.550400466918944
2018-01-04,1,50.77380134582519,52.84620140075684,50.77380134582519,52.84620140075684
2018-01-05,1,50.96979835510254,53.050198287963866,50.96979835510254,53.050198287963866
2018-01-08,1,51.19520164489746,53.284801712036135,51.19520164489746,53.284801712036135
2018-01-09,1,52.27320014953613,54.40680015563965,52.27320014953613,54.40680015563965
2018-01-10,1,52.488801345825195,54.63120140075684,52.488801345825195,54.63120140075684
2018-01-11,1,53.0865982055664,55.25339813232422,53.0865982055664,55.25339813232422
2018-01-12,1,54.282199401855465,56.49779937744141,54.282199401855465,56.49779937744141
2018-01-16,1,54.41939880371094,56.640598754882824,54.41939880371094,56.640598754882824
2018-01-17,1,54.96820014953613,57.21180015563965,54.96820014953613,57.21180015563965
2018-01-18,1,54.22340179443359,56.43660186767578,54.22340179443359,56.43660186767578
2018-01-19,1,54.3703995513916,56.589599533081056,54.3703995513916,56.589599533081056
2018-01-22,1,54.3311986541748,56.548798599243156,54.3311986541748,56.548798599243156
2018-01-23,1,54.21359970092773,56.42639968872071,54.21359970092773,56.42639968872071
2018-01-24,1,54.282199401855465,56.49779937744141,54.282199401855465,56.49779937744141
2018-01-25,1,53.096400299072265,55.2636003112793,53.096400299072265,55.2636003112793
2018-01-26,1,53.1846004486084,55.355400466918944,53.1846004486084,55.355400466918944
2018-01-29,1,52.968999252319335,55.13099922180176,52.968999252319335,55.13099922180176
2018-01-30,1,52.13600074768066,54.264000778198245,52.13600074768066,54.264000778198245
2018-01-31,1,52.27320014953613,54.40680015563965,52.27320014953613,54.40680015563965
2018-02-01,1,53.81179985046386,56.008199844360355,53.81179985046386,56.008199844360355
2018-02-02,1,52.27320014953613,54.40680015563965,52.27320014953613,54.40680015563965
2018-02-05,1,50.264200897216796,52.31580093383789,50.264200897216796,52.31580093383789
2018-02-06,1,51.80280059814453,53.917200622558596,51.80280059814453,53.917200622558596
2018-02-07,1,50.98939880371094,53.07059875488282,50.98939880371094,53.07059875488282
2018-02-08,1,47.92200149536133,49.878001556396484,47.92200149536133,49.878001556396484
2018-02-09,1,49.11759895324707,51.12239891052246,49.11759895324707,51.12239891052246
2018-02-12,1,49.921198654174795,51.95879859924316,49.921198654174795,51.95879859924316
2018-02-13,1,50.12700149536133,52.173001556396486,50.12700149536133,52.173001556396486
2018-02-14,1,51.35200149536133,53.448001556396484,51.35200149536133,53.448001556396484
2018-02-15,1,51.283401794433594,53.37660186767578,51.283401794433594,53.37660186767578
2018-02-16,1,51.1265982055664,53.21339813232422,51.1265982055664,53.21339813232422
2018-02-20,1,51.29320014953613,53.38680015563965,51.29320014953613,53.38680015563965
2018-02-21,1,51.25399925231933,53.34599922180176,51.25399925231933,53.34599922180176
2018-02-22,1,50.98939880371094,53.07059875488282,50.98939880371094,53.07059875488282
2018-02-23,1,51.68520164489746,53.79480171203613,51.68520164489746,53.79480171203613
2018-02-26,1,52.6553995513916,54.80459953308105,52.6553995513916,54.80459953308105
2018-02-27,1,52.72399925231934,54.875999221801756,52.72399925231934,54.875999221801756
2018-02-28,1,51.9596004486084,54.080400466918945,51.9596004486084,54.080400466918945
2018-03-01,1,51.008999252319335,53.09099922180176,51.008999252319335,53.09099922180176
2018-03-02,1,51.57740104675293,53.68260108947754,51.57740104675293,53.68260108947754
2018-03-05,1,52.53780059814453,54.6822006225586,52.53780059814453,54.6822006225586
2018-03-06,1,53.6353995513916,55.824599533081056,53.6353995513916,55.824599533081056
2018-03-07,1,54.321400299072266,56.538600311279296,54.321400299072266,56.538600311279296
2018-03-08,1,54.79179985046387,57.02819984436035,54.79179985046387,57.02819984436035
2018-03-09,1,56.546000747680665,58.85400077819824,56.546000747680665,58.85400077819824
2018-03-12,1,56.60479835510254,58.91519828796387,56.60479835510254,58.91519828796387
2018-03-13,1,55.54640029907227,57.813600311279295,55.54640029907227,57.813600311279295
2018-03-14,1,54.82119865417479,57.05879859924316,54.82119865417479,57.05879859924316
2018-03-15,1,54.47820014953613,56.70180015563965,54.47820014953613,56.70180015563965
2018-03-16,1,54.595799102783204,56.82419906616211,54.595799102783204,56.82419906616211
2018-03-19,1,54.5565982055664,56.78339813232422,54.5565982055664,56.78339813232422
2018-03-20,1,54.85060119628906,57.08940124511719,54.85060119628906,57.08940124511719
2018-03-21,1,54.72320014953613,56.95680015563965,54.72320014953613,56.95680015563965
2018-03-22,1,52.332001495361325,54.46800155639649,52.332001495361325,54.46800155639649
2018-03-23,1,50.293599700927736,52.3463996887207,50.293599700927736,52.3463996887207
2018-03-26,1,51.9007991027832,54.01919906616211,51.9007991027832,54.01919906616211
2018-03-27,1,50.499398803710946,52.56059875488282,50.499398803710946,52.56059875488282
2018-03-28,1,49.88200149536133,51.91800155639648,49.88200149536133,51.91800155639648
2018-03-29,1,51.17560119628906,53.26440124511719,51.17560119628906,53.26440124511719
2018-04-02,1,49.40179985046387,51.41819984436035,49.40179985046387,51.41819984436035
2018-04-03,1,50.12700149536133,52.173001556396486,50.12700149536133,52.173001556396486
2018-04-04,1,50.714999999999996,52.785000000000004,50.714999999999996,52.785000000000004
2018-04-05,1,51.302998504638666,53.39699844360351,51.302998504638666,53.39699844360351
2018-04-06,1,49.10780059814453,51.112200622558596,49.10780059814453,51.112200622558596
2018-04-09,1,49.2057991027832,51.21419906616211,49.2057991027832,51.21419906616211
2018-04-10,1,50.47979835510254,52.54019828796387,50.47979835510254,52.54019828796387
2018-04-11,1,49.90159820556641,51.93839813232422,49.90159820556641,51.93839813232422
2018-04-12,1,50.6953995513916,52.76459953308105,50.6953995513916,52.76459953308105
2018-04-13,1,50.0192008972168,52.06080093383789,50.0192008972168,52.06080093383789
2018-04-16,1,52.01840179443359,54.14160186767578,52.01840179443359,54.14160186767578
2018-04-17,1,52.53780059814453,54.6822006225586,52.53780059814453,54.6822006225586
2018-04-18,1,51.136400299072264,53.2236003112793,51.136400299072264,53.2236003112793
2018-04-19,1,52.60640029907226,54.7536003112793,52.60640029907226,54.7536003112793
2018-04-20,1,53.89020164489746,56.089801712036135,53.89020164489746,56.089801712036135
2018-04-23,1,54.26259895324707,56.47739891052246,54.26259895324707,56.47739891052246
2018-04-24,1,53.40020164489746,55.57980171203614,53.40020164489746,55.57980171203614
2018-04-25,1,53.507998504638664,55.69199844360351,53.507998504638664,55.69199844360351
2018-04-26,1,54.53700149536133,56.76300155639648,54.53700149536133,56.76300155639648
2018-04-27,1,54.87020164489746,57.10980171203613,54.87020164489746,57.10980171203613
2018-04-30,1,54.566400299072264,56.7936003112793,54.566400299072264,56.7936003112793
2018-05-01,1,54.49780059814453,56.722200622558596,54.49780059814453,56.722200622558596
2018-05-02,1,54.53700149536133,56.76300155639648,54.53700149536133,56.76300155639648
2018-05-03,1,53.9,56.1,53.9,56.1
2018-05-04,1,54.96820014953613,57.21180015563965,54.96820014953613,57.21180015563965
2018-05-07,1,55.83060119628906,58.10940124511719,55.83060119628906,58.10940124511719
2018-05-08,1,56.15399925231934,58.445999221801756,56.15399925231934,58.445999221801756
2018-05-09,1,57.5553995513916,59.904599533081054,57.5553995513916,59.904599533081054
2018-05-10,1,57.82,60.18,57.82,60.18
2018-05-11,1,58.2707991027832,60.64919906616211,58.2707991027832,60.64919906616211
2018-05-14,1,57.751400299072266,60.1086003112793,57.751400299072266,60.1086003112793
2018-05-15,1,57.64359970092773,59.99639968872071,57.64359970092773,59.99639968872071
2018-05-16,1,57.702401046752925,60.057601089477544,57.702401046752925,60.057601089477544
2018-05-17,1,58.13359970092773,60.506399688720705,58.13359970092773,60.506399688720705
2018-05-18,1,57.95719940185547,60.322799377441406,57.95719940185547,60.322799377441406
2018-05-21,1,58.2511986541748,60.628798599243154,58.2511986541748,60.628798599243154
2018-05-22,1,58.39820014953613,60.78180015563965,58.39820014953613,60.78180015563965
2018-05-23,1,57.751400299072266,60.1086003112793,57.751400299072266,60.1086003112793
2018-05-24,1,56.977199401855465,59.30279937744141,56.977199401855465,59.30279937744141
2018-05-25,1,56.15399925231934,58.445999221801756,56.15399925231934,58.445999221801756
2018-05-29,1,54.03719940185547,56.24279937744141,54.03719940185547,56.24279937744141
2018-05-30,1,54.889798355102535,57.13019828796387,54.889798355102535,57.13019828796387
2018-05-31,1,54.50759895324707,56.73239891052246,54.50759895324707,56.73239891052246
2018-06-01,1,55.5953995513916,57.864599533081055,55.5953995513916,57.864599533081055
2018-06-04,1,55.72280059814453,57.997200622558594,55.72280059814453,57.997200622558594
2018-06-05,1,55.173999252319334,57.42599922180176,55.173999252319334,57.42599922180176
2018-06-06,1,56.79100074768066,59.109000778198244,56.79100074768066,59.109000778198244
2018-06-07,1,56.19320014953613,58.48680015563965,56.19320014953613,58.48680015563965
2018-06-08,1,56.5753995513916,58.88459953308106,56.5753995513916,58.88459953308106
2018-06-11,1,56.261799850463866,58.55819984436035,56.261799850463866,58.55819984436035
2018-06-12,1,56.16380134582519,58.45620140075684,56.16380134582519,58.45620140075684
2018-06-13,1,56.21280059814453,58.50720062255859,56.21280059814453,58.50720062255859
2018-06-14,1,55.47780059814453,57.74220062255859,55.47780059814453,57.74220062255859
2018-06-15,1,54.96820014953613,57.21180015563965,54.96820014953613,57.21180015563965
2018-06-18,1,54.3703995513916,56.589599533081056,54.3703995513916,56.589599533081056
2018-06-19,1,54.1646004486084,56.37540046691895,54.1646004486084,56.37540046691895
2018-06-20,1,54.429200897216795,56.65080093383789,54.429200897216795,56.65080093383789
2018-06-21,1,54.20380134582519,56.41620140075684,54.20380134582519,56.41620140075684
2018-06-22,1,53.802001495361324,55.99800155639649,53.802001495361324,55.99800155639649
2018-06-25,1,52.341799850463865,54.478199844360354,52.341799850463865,54.478199844360354
2018-06-26,1,52.00859970092773,54.131399688720705,52.00859970092773,54.131399688720705
2018-06-27,1,50.862001495361326,52.938001556396486,50.862001495361326,52.938001556396486
2018-06-28,1,50.6757991027832,52.74419906616211,50.6757991027832,52.74419906616211
2018-06-29,1,50.077998504638664,52.12199844360351,50.077998504638664,52.12199844360351
2018-07-02,1,50.273999252319335,52.32599922180176,50.273999252319335,52.32599922180176
2018-07-03,1,49.23520164489746,51.244801712036136,49.23520164489746,51.244801712036136
2018-07-05,1,48.4903995513916,50.46959953308106,48.4903995513916,50.46959953308106
2018-07-06,1,49.637001495361325,51.66300155639649,49.637001495361325,51.66300155639649
2018-07-09,1,50.862001495361326,52.938001556396486,50.862001495361326,52.938001556396486
2018-07-10,1,50.08780059814453,52.13220062255859,50.08780059814453,52.13220062255859
2018-07-11,1,49.46060119628906,51.47940124511719,49.46060119628906,51.47940124511719
2018-07-12,1,49.735,51.765,49.735,51.765
2018-07-13,1,49.60759895324707,51.63239891052246,49.60759895324707,51.63239891052246
2018-07-16,1,50.03880134582519,52.08120140075684,50.03880134582519,52.08120140075684
2018-07-17,1,51.82240104675293,53.93760108947754,51.82240104675293,53.93760108947754
2018-07-18,1,53.13560119628906,55.30440124511719,53.13560119628906,55.30440124511719
2018-07-19,1,51.82240104675293,53.93760108947754,51.82240104675293,53.93760108947754
2018-07-20,1,51.107001495361324,53.19300155639649,51.107001495361324,53.19300155639649
2018-07-23,1,51.55780059814453,53.66220062255859,51.55780059814453,53.66220062255859
2018-07-24,1,51.80280059814453,53.917200622558596,51.80280059814453,53.917200622558596
2018-07-25,1,51.881198654174796,53.99879859924316,51.881198654174796,53.99879859924316
2018-07-26,1,51.597001495361326,53.70300155639649,51.597001495361326,53.70300155639649
2018-07-27,1,51.49899925231934,53.60099922180176,51.49899925231934,53.60099922180176
2018-07-30,1,50.293599700927736,52.3463996887207,50.293599700927736,52.3463996887207
2018-07-31,1,50.03880134582519,52.08120140075684,50.03880134582519,52.08120140075684
2018-08-01,1,49.86240104675293,51.89760108947754,49.86240104675293,51.89760108947754
2018-08-02,1,49.12740104675293,51.13260108947754,49.12740104675293,51.13260108947754
2018-08-03,1,49.2842008972168,51.29580093383789,49.2842008972168,51.29580093383789
2018-08-06,1,49.39200149536133,51.408001556396485,49.39200149536133,51.408001556396485
2018-08-07,1,49.774200897216794,51.805800933837894,49.774200897216794,51.805800933837894
2018-08-08,1,49.49,51.51,49.49,51.51
2018-08-09,1,49.7153995513916,51.74459953308106,49.7153995513916,51.74459953308106
2018-08-10,1,49.59780059814453,51.622200622558594,49.59780059814453,51.622200622558594
2018-08-13,1,49.10780059814453,51.112200622558596,49.10780059814453,51.112200622558596
2018-08-14,1,49.51939880371094,51.54059875488282,49.51939880371094,51.54059875488282
2018-08-15,1,49.23520164489746,51.244801712036136,49.23520164489746,51.244801712036136
2018-08-16,1,50.107401046752926,52.15260108947754,50.107401046752926,52.15260108947754
2018-08-17,1,49.88200149536133,51.91800155639648,49.88200149536133,51.91800155639648
2018-08-20,1,50.3915982055664,52.44839813232422,50.3915982055664,52.44839813232422
2018-08-21,1,49.16659820556641,51.173398132324216,49.16659820556641,51.173398132324216
2018-08-22,1,49.91140029907226,51.9486003112793,49.91140029907226,51.9486003112793
2018-08-23,1,49.16659820556641,51.173398132324216,49.16659820556641,51.173398132324216
2018-08-24,1,49.538999252319336,51.56099922180176,49.538999252319336,51.56099922180176
2018-08-27,1,50.34259895324707,52.39739891052246,50.34259895324707,52.39739891052246
2018-08-28,1,50.21520164489746,52.26480171203613,50.21520164489746,52.26480171203613
2018-08-29,1,50.30340179443359,52.356601867675785,50.30340179443359,52.356601867675785
2018-08-30,1,49.5488013458252,51.571201400756834,49.5488013458252,51.571201400756834
2018-08-31,1,49.774200897216794,51.805800933837894,49.774200897216794,51.805800933837894
2018-09-04,1,50.293599700927736,52.3463996887207,50.293599700927736,52.3463996887207
2018-09-05,1,49.509600448608396,51.53040046691895,49.509600448608396,51.53040046691895
2018-09-06,1,48.51979835510254,50.50019828796387,48.51979835510254,50.50019828796387
2018-09-07,1,49.15679985046387,51.16319984436035,49.15679985046387,51.16319984436035
2018-09-10,1,49.60759895324707,51.63239891052246,49.60759895324707,51.63239891052246
2018-09-11,1,49.9603995513916,51.99959953308105,49.9603995513916,51.99959953308105
2018-09-12,1,49.695799102783205,51.72419906616211,49.695799102783205,51.72419906616211
2018-09-13,1,49.411598205566406,51.42839813232422,49.411598205566406,51.42839813232422
2018-09-14,1,50.136799850463866,52.18319984436035,50.136799850463866,52.18319984436035
2018-09-17,1,49.31359970092773,51.326399688720706,49.31359970092773,51.326399688720706
2018-09-18,1,49.60759895324707,51.63239891052246,49.60759895324707,51.63239891052246
2018-09-19,1,50.95020164489746,53.02980171203613,50.95020164489746,53.02980171203613
2018-09-20,1,51.028599700927735,53.1113996887207,51.028599700927735,53.1113996887207
2018-09-21,1,50.80320014953613,52.87680015563965,50.80320014953613,52.87680015563965
2018-09-24,1,50.528801345825194,52.59120140075684,50.528801345825194,52.59120140075684
2018-09-25,1,50.58759895324707,52.652398910522464,50.58759895324707,52.652398910522464
2018-09-26,1,49.70560119628906,51.73440124511719,49.70560119628906,51.73440124511719
2018-09-27,1,49.509600448608396,51.53040046691895,49.509600448608396,51.53040046691895
2018-09-28,1,48.167001495361326,50.133001556396486,48.167001495361326,50.133001556396486
2018-10-01,1,48.55899925231933,50.54099922180176,48.55899925231933,50.54099922180176
2018-10-02,1,48.85299850463866,50.84699844360351,48.85299850463866,50.84699844360351
2018-10-03,1,49.78399925231933,51.81599922180176,49.78399925231933,51.81599922180176
2018-10-04,1,50.64640029907226,52.7136003112793,50.64640029907226,52.7136003112793
2018-10-05,1,50.4503995513916,52.50959953308106,50.4503995513916,52.50959953308106
2018-10-08,1,50.63659820556641,52.70339813232422,50.63659820556641,52.70339813232422
2018-10-09,1,51.1265982055664,53.21339813232422,51.1265982055664,53.21339813232422
2018-10-10,1,48.59820014953613,50.58180015563965,48.59820014953613,50.58180015563965
2018-10-11,1,47.16740104675293,49.09260108947754,47.16740104675293,49.09260108947754
2018-10-12,1,48.029798355102535,49.99019828796387,48.029798355102535,49.99019828796387
2018-10-15,1,46.687199401855466,48.59279937744141,46.687199401855466,48.59279937744141
2018-10-16,1,47.2653995513916,49.19459953308105,47.2653995513916,49.19459953308105
2018-10-17,1,47.07920089721679,49.000800933837894,47.07920089721679,49.000800933837894
2018-10-18,1,45.766000747680664,47.63400077819824,45.766000747680664,47.63400077819824
2018-10-19,1,45.89340179443359,47.76660186767578,45.89340179443359,47.76660186767578
2018-10-22,1,44.687998504638664,46.51199844360351,44.687998504638664,46.51199844360351
2018-10-23,1,43.649200897216794,45.430800933837894,43.649200897216794,45.430800933837894
2018-10-24,1,41.71859970092773,43.421399688720705,41.71859970092773,43.421399688720705
2018-10-25,1,42.316400299072264,44.0436003112793,42.316400299072264,44.0436003112793
2018-10-26,1,42.326198654174796,44.05379859924316,42.326198654174796,44.05379859924316
2018-10-29,1,42.826000747680666,44.57400077819824,42.826000747680666,44.57400077819824
2018-10-30,1,44.65859970092773,46.48139968872071,44.65859970092773,46.48139968872071
2018-10-31,1,45.31520164489746,47.16480171203613,45.31520164489746,47.16480171203613
2018-11-01,1,45.462199401855464,47.31779937744141,45.462199401855464,47.31779937744141
2018-11-02,1,45.648401794433596,47.51160186767578,45.648401794433596,47.51160186767578
2018-11-05,1,46.33439880371095,48.22559875488282,46.33439880371095,48.22559875488282
2018-11-06,1,46.80479835510254,48.715198287963865,46.80479835510254,48.715198287963865
2018-11-07,1,47.60840179443359,49.551601867675785,47.60840179443359,49.551601867675785
2018-11-08,1,47.65740104675293,49.60260108947754,47.65740104675293,49.60260108947754
2018-11-09,1,46.687199401855466,48.59279937744141,46.687199401855466,48.59279937744141
2018-11-12,1,45.795399551391604,47.66459953308105,45.795399551391604,47.66459953308105
2018-11-13,1,46.108999252319336,47.99099922180176,46.108999252319336,47.99099922180176
2018-11-14,1,45.92280059814453,47.79720062255859,45.92280059814453,47.79720062255859
2018-11-15,1,46.373599700927734,48.2663996887207,46.373599700927734,48.2663996887207
2018-11-16,1,46.0207991027832,47.89919906616211,46.0207991027832,47.89919906616211
2018-11-19,1,45.05060119628906,46.88940124511719,45.05060119628906,46.88940124511719
2018-11-20,1,43.63939880371095,45.42059875488282,43.63939880371095,45.42059875488282
2018-11-21,1,43.97259895324707,45.76739891052246,43.97259895324707,45.76739891052246
2018-11-23,1,43.19840179443359,44.96160186767578,43.19840179443359,44.96160186767578
2018-11-26,1,44.18820014953613,45.99180015563965,44.18820014953613,45.99180015563965
2018-11-27,1,44.423401794433595,46.23660186767578,44.423401794433595,46.23660186767578
2018-11-28,1,44.746799850463866,46.57319984436035,44.746799850463866,46.57319984436035
2018-11-29,1,43.27679985046387,45.04319984436035,43.27679985046387,45.04319984436035
2018-11-30,1,43.90399925231934,45.695999221801756,43.90399925231934,45.695999221801756
2018-12-03,1,44.5507991027832,46.36919906616211,44.5507991027832,46.36919906616211
2018-12-04,1,42.14979835510254,43.870198287963866,42.14979835510254,43.870198287963866
2018-12-06,1,41.747998504638666,43.45199844360351,41.747998504638666,43.45199844360351
2018-12-07,1,40.64060119628906,42.29940124511719,40.64060119628906,42.29940124511719
2018-12-10,1,40.27799850463867,41.921998443603506,40.27799850463867,41.921998443603506
2018-12-11,1,40.425,42.075,40.425,42.075
2018-12-12,1,41.04240104675293,42.71760108947754,41.04240104675293,42.71760108947754
2018-12-13,1,40.60140029907227,42.258600311279295,40.60140029907227,42.258600311279295
2018-12-14,1,40.366198654174795,42.01379859924316,40.366198654174795,42.01379859924316
2018-12-17,1,39.88600074768066,41.514000778198245,39.88600074768066,41.514000778198245
2018-12-18,1,39.641000747680664,41.25900077819824,39.641000747680664,41.25900077819824
2018-12-19,1,38.925601196289065,40.514401245117185,38.925601196289065,40.514401245117185
2018-12-20,1,38.82759895324707,40.41239891052246,38.82759895324707,40.41239891052246
2018-12-21,1,38.35719940185547,39.92279937744141,38.35719940185547,39.92279937744141
2018-12-24,1,37.485,39.015,37.485,39.015
2018-12-26,1,39.74880134582519,41.37120140075684,39.74880134582519,41.37120140075684
2018-12-27,1,40.238801345825195,41.88120140075684,40.238801345825195,41.88120140075684
2018-12-28,1,40.238801345825195,41.88120140075684,40.238801345825195,41.88120140075684
2018-12-31,1,40.69939880371094,42.36059875488282,40.69939880371094,42.36059875488282
2019-01-02,1,40.74840179443359,42.411601867675785,40.74840179443359,42.411601867675785
2019-01-03,1,39.90560119628906,41.53440124511719,39.90560119628906,41.53440124511719
2019-01-04,1,41.591198654174796,43.28879859924316,41.591198654174796,43.28879859924316
2019-01-07,1,41.88520164489746,43.59480171203614,41.88520164489746,43.59480171203614
2019-01-08,1,42.414398803710945,44.14559875488282,42.414398803710945,44.14559875488282
2019-01-09,1,42.953401794433596,44.70660186767578,42.953401794433596,44.70660186767578
2019-01-10,1,42.835799102783206,44.58419906616211,42.835799102783206,44.58419906616211
2019-01-11,1,42.943599700927734,44.6963996887207,42.943599700927734,44.6963996887207
2019-01-14,1,42.923999252319334,44.67599922180176,42.923999252319334,44.67599922180176
2019-01-15,1,43.365,45.135,43.365,45.135
2019-01-16,1,45.766000747680664,47.63400077819824,45.766000747680664,47.63400077819824
2019-01-17,1,45.98159820556641,47.85839813232422,45.98159820556641,47.85839813232422
2019-01-18,1,47.0203995513916,48.93959953308106,47.0203995513916,48.93959953308106
2019-01-22,1,46.520601196289064,48.419401245117186,46.520601196289064,48.419401245117186
2019-01-23,1,46.373599700927734,48.2663996887207,46.373599700927734,48.2663996887207
2019-01-24,1,46.43240104675293,48.32760108947754,46.43240104675293,48.32760108947754
2019-01-25,1,47.01060119628906,48.92940124511719,47.01060119628906,48.92940124511719
2019-01-28,1,46.5696004486084,48.470400466918946,46.5696004486084,48.470400466918946
2019-01-29,1,46.76560119628906,48.67440124511719,46.76560119628906,48.67440124511719
2019-01-30,1,45.93259895324707,47.80739891052246,45.93259895324707,47.80739891052246
2019-01-31,1,45.8346004486084,47.705400466918945,45.8346004486084,47.705400466918945
2019-02-01,1,46.08939880371094,47.97059875488282,46.08939880371094,47.97059875488282
2019-02-04,1,46.256000747680666,48.14400077819824,46.256000747680666,48.14400077819824
2019-02-05,1,45.658200149536135,47.521800155639646,45.658200149536135,47.521800155639646
2019-02-06,1,45.18780059814453,47.0322006225586,45.18780059814453,47.0322006225586
2019-02-07,1,44.276400299072264,46.0836003112793,44.276400299072264,46.0836003112793
2019-02-08,1,43.864798355102536,45.65519828796387,43.864798355102536,45.65519828796387
2019-02-11,1,43.84520164489746,45.634801712036136,43.84520164489746,45.634801712036136
2019-02-12,1,44.96240104675293,46.79760108947754,44.96240104675293,46.79760108947754
2019-02-13,1,45.0603995513916,46.89959953308106,45.0603995513916,46.89959953308106
2019-02-14,1,44.38420089721679,46.195800933837894,44.38420089721679,46.195800933837894
2019-02-15,1,45.43280059814453,47.28720062255859,45.43280059814453,47.28720062255859
2019-02-19,1,46.1188013458252,48.001201400756834,46.1188013458252,48.001201400756834
2019-02-20,1,45.52100074768067,47.37900077819824,45.52100074768067,47.37900077819824
2019-02-21,1,44.80560119628906,46.63440124511719,44.80560119628906,46.63440124511719
2019-02-22,1,45.24659820556641,47.09339813232422,45.24659820556641,47.09339813232422
2019-02-25,1,45.08979835510254,46.93019828796387,45.08979835510254,46.93019828796387
2019-02-26,1,45.628801345825195,47.491201400756836,45.628801345825195,47.491201400756836
2019-02-27,1,45.638599700927735,47.5013996887207,45.638599700927735,47.5013996887207
2019-02-28,1,45.08979835510254,46.93019828796387,45.08979835510254,46.93019828796387
2019-03-01,1,45.87380134582519,47.74620140075684,45.87380134582519,47.74620140075684
2019-03-04,1,44.737001495361326,46.563001556396486,44.737001495361326,46.563001556396486
2019-03-05,1,44.96240104675293,46.79760108947754,44.96240104675293,46.79760108947754
2019-03-06,1,44.35479835510254,46.16519828796387,44.35479835510254,46.16519828796387
2019-03-07,1,43.1396004486084,44.900400466918946,43.1396004486084,44.900400466918946
2019-03-08,1,42.58100074768066,44.319000778198244,42.58100074768066,44.319000778198244
2019-03-11,1,42.914200897216794,44.66580093383789,42.914200897216794,44.66580093383789
2019-03-12,1,43.11020164489746,44.869801712036136,43.11020164489746,44.869801712036136
2019-03-13,1,43.521799850463864,45.298199844360354,43.521799850463864,45.298199844360354
2019-03-14,1,44.39399925231933,46.20599922180176,44.39399925231933,46.20599922180176
2019-03-15,1,44.54100074768066,46.359000778198244,44.54100074768066,46.359000778198244
2019-03-18,1,44.982001495361324,46.81800155639649,44.982001495361324,46.81800155639649
2019-03-19,1,44.82520164489746,46.65480171203613,44.82520164489746,46.65480171203613
2019-03-20,1,43.668801345825194,45.45120140075684,43.668801345825194,45.45120140075684
2019-03-21,1,42.933801345825195,44.686201400756836,42.933801345825195,44.686201400756836
2019-03-22,1,40.96399925231933,42.63599922180176,40.96399925231933,42.63599922180176
2019-03-25,1,40.993401794433595,42.66660186767578,40.993401794433595,42.66660186767578
2019-03-26,1,41.69899925231933,43.40099922180176,41.69899925231933,43.40099922180176
2019-03-27,1,41.07179985046387,42.74819984436035,41.07179985046387,42.74819984436035
2019-03-28,1,41.836198654174794,43.54379859924316,41.836198654174794,43.54379859924316
2019-03-29,1,41.904798355102535,43.61519828796387,41.904798355102535,43.61519828796387
2019-04-01,1,43.24740104675293,45.01260108947754,43.24740104675293,45.01260108947754
2019-04-02,1,43.49240104675293,45.26760108947754,43.49240104675293,45.26760108947754
2019-04-03,1,43.73740104675293,45.52260108947754,43.73740104675293,45.52260108947754
2019-04-04,1,43.97259895324707,45.76739891052246,43.97259895324707,45.76739891052246
2019-04-05,1,43.65899925231933,45.44099922180176,43.65899925231933,45.44099922180176
2019-04-08,1,43.884398803710944,45.67559875488282,43.884398803710944,45.67559875488282
2019-04-09,1,43.561000747680666,45.33900077819824,43.561000747680666,45.33900077819824
2019-04-10,1,43.384600448608396,45.15540046691895,43.384600448608396,45.15540046691895
2019-04-11,1,43.37479835510254,45.145198287963865,43.37479835510254,45.145198287963865
2019-04-12,1,44.442998504638666,46.25699844360351,44.442998504638666,46.25699844360351
2019-04-15,1,44.12939880371094,45.93059875488282,44.12939880371094,45.93059875488282
2019-04-16,1,44.746799850463866,46.57319984436035,44.746799850463866,46.57319984436035
2019-04-17,1,45.177998504638666,47.02199844360351,45.177998504638666,47.02199844360351
2019-04-18,1,44.63899925231934,46.46099922180176,44.63899925231934,46.46099922180176
2019-04-22,1,44.54100074768066,46.359000778198244,44.54100074768066,46.359000778198244
2019-04-23,1,44.64880134582519,46.47120140075684,44.64880134582519,46.47120140075684
2019-04-24,1,44.168599700927736,45.9713996887207,44.168599700927736,45.9713996887207
2019-04-25,1,44.403801345825194,46.21620140075684,44.403801345825194,46.21620140075684
2019-04-26,1,44.00200149536133,45.798001556396486,44.00200149536133,45.798001556396486
2019-04-29,1,44.982001495361324,46.81800155639649,44.982001495361324,46.81800155639649
2019-04-30,1,44.86439880371094,46.69559875488282,44.86439880371094,46.69559875488282
2019-05-01,1,44.64880134582519,46.47120140075684,44.64880134582519,46.47120140075684
2019-05-02,1,44.96240104675293,46.79760108947754,44.96240104675293,46.79760108947754
2019-05-03,1,45.31520164489746,47.16480171203613,45.31520164489746,47.16480171203613
2019-05-06,1,45.334798355102535,47.18519828796387,45.334798355102535,47.18519828796387
2019-05-07,1,44.76640029907227,46.593600311279296,44.76640029907227,46.593600311279296
2019-05-08,1,44.66840179443359,46.49160186767578,44.66840179443359,46.49160186767578
2019-05-09,1,44.903599700927735,46.7363996887207,44.903599700927735,46.7363996887207
2019-05-10,1,44.93299850463866,46.76699844360351,44.93299850463866,46.76699844360351
2019-05-13,1,42.933801345825195,44.686201400756836,42.933801345825195,44.686201400756836
2019-05-14,1,43.45320014953613,45.22680015563965,43.45320014953613,45.22680015563965
2019-05-15,1,41.88520164489746,43.59480171203614,41.88520164489746,43.59480171203614
2019-05-16,1,42.86520164489746,44.61480171203613,42.86520164489746,44.61480171203613
2019-05-17,1,42.345799102783204,44.07419906616211,42.345799102783204,44.07419906616211
2019-05-20,1,42.678999252319336,44.42099922180176,42.678999252319336,44.42099922180176
2019-05-21,1,43.1396004486084,44.900400466918946,43.1396004486084,44.900400466918946
2019-05-22,1,42.69859970092774,44.4413996887207,42.69859970092774,44.4413996887207
2019-05-23,1,41.68920089721679,43.390800933837895,41.68920089721679,43.390800933837895
2019-05-24,1,42.385,44.115,42.385,44.115
2019-05-28,1,41.9342008972168,43.64580093383789,41.9342008972168,43.64580093383789
2019-05-29,1,41.9146004486084,43.62540046691895,41.9146004486084,43.62540046691895
2019-05-30,1,41.69899925231933,43.40099922180176,41.69899925231933,43.40099922180176
2019-05-31,1,40.77780059814453,42.442200622558595,40.77780059814453,42.442200622558595
2019-06-03,1,40.79740104675293,42.46260108947754,40.79740104675293,42.46260108947754
2019-06-04,1,42.963200149536135,44.716800155639646,42.963200149536135,44.716800155639646
2019-06-05,1,42.90439880371095,44.65559875488282,42.90439880371095,44.65559875488282
2019-06-06,1,43.05140029907226,44.8086003112793,43.05140029907226,44.8086003112793
2019-06-07,1,42.14,43.86,42.14,43.86
2019-06-10,1,42.44380134582519,44.17620140075684,42.44380134582519,44.17620140075684
2019-06-11,1,41.99299850463866,43.70699844360351,41.99299850463866,43.70699844360351
2019-06-12,1,41.257998504638664,42.94199844360351,41.257998504638664,42.94199844360351
2019-06-13,1,41.51280059814453,43.207200622558595,41.51280059814453,43.207200622558595
2019-06-14,1,40.18979835510254,41.83019828796387,40.18979835510254,41.83019828796387
2019-06-17,1,39.79780059814453,41.42220062255859,39.79780059814453,41.42220062255859
2019-06-18,1,40.091799850463865,41.728199844360354,40.091799850463865,41.728199844360354
2019-06-19,1,39.09219940185547,40.68779937744141,39.09219940185547,40.68779937744141
2019-06-20,1,39.22939880371094,40.83059875488282,39.22939880371094,40.83059875488282
2019-06-21,1,39.81740104675293,41.44260108947754,39.81740104675293,41.44260108947754
2019-06-24,1,38.36700149536133,39.93300155639648,38.36700149536133,39.93300155639648
2019-06-25,1,38.4453995513916,40.01459953308105,38.4453995513916,40.01459953308105
2019-06-26,1,38.8765982055664,40.46339813232422,38.8765982055664,40.46339813232422
2019-06-27,1,39.39600074768067,41.00400077819824,39.39600074768067,41.00400077819824
2019-06-28,1,39.3861986541748,40.993798599243156,39.3861986541748,40.993798599243156
2019-07-01,1,39.94479835510254,41.575198287963865,39.94479835510254,41.575198287963865
2019-07-02,1,39.3861986541748,40.993798599243156,39.3861986541748,40.993798599243156
2019-07-03,1,39.641000747680664,41.25900077819824,39.641000747680664,41.25900077819824
2019-07-05,1,40.04280059814453,41.677200622558594,40.04280059814453,41.677200622558594
2019-07-08,1,39.19020164489746,40.78980171203613,39.19020164489746,40.78980171203613
2019-07-09,1,39.4646004486084,41.07540046691894,39.4646004486084,41.07540046691894
2019-07-10,1,38.86679985046386,40.453199844360356,38.86679985046386,40.453199844360356
2019-07-11,1,39.6507991027832,41.26919906616211,39.6507991027832,41.26919906616211
2019-07-12,1,39.32740104675293,40.93260108947754,39.32740104675293,40.93260108947754
2019-07-15,1,39.493999252319334,41.10599922180176,39.493999252319334,41.10599922180176
2019-07-16,1,40.79740104675293,42.46260108947754,40.79740104675293,42.46260108947754
2019-07-17,1,40.3857991027832,42.03419906616211,40.3857991027832,42.03419906616211
2019-07-18,1,40.6503995513916,42.309599533081055,40.6503995513916,42.309599533081055
2019-07-19,1,41.86560119628906,43.57440124511719,41.86560119628906,43.57440124511719
2019-07-22,1,42.29679985046386,44.023199844360356,42.29679985046386,44.023199844360356
2019-07-23,1,42.65939880371094,44.40059875488282,42.65939880371094,44.40059875488282
2019-07-24,1,43.39439880371094,45.16559875488282,43.39439880371094,45.16559875488282
2019-07-25,1,43.18859970092773,44.951399688720706,43.18859970092773,44.951399688720706
2019-07-26,1,43.16899925231934,44.930999221801756,43.16899925231934,44.930999221801756
2019-07-29,1,42.835799102783206,44.58419906616211,42.835799102783206,44.58419906616211
2019-07-30,1,42.159600448608394,43.88040046691895,42.159600448608394,43.88040046691895
2019-07-31,1,42.355601196289065,44.084401245117185,42.355601196289065,44.084401245117185
2019-08-01,1,40.4642008972168,42.11580093383789,40.4642008972168,42.11580093383789
2019-08-02,1,39.935,41.565,39.935,41.565
2019-08-05,1,38.06320014953613,39.61680015563965,38.06320014953613,39.61680015563965
2019-08-06,1,38.621799850463866,40.19819984436035,38.621799850463866,40.19819984436035
2019-08-07,1,36.828401794433596,38.33160186767578,36.828401794433596,38.33160186767578
2019-08-08,1,36.701000747680666,38.19900077819824,36.701000747680666,38.19900077819824
2019-08-09,1,36.13259895324707,37.60739891052246,36.13259895324707,37.60739891052246
2019-08-12,1,35.68179985046387,37.13819984436035,35.68179985046387,37.13819984436035
2019-08-13,1,36.92640029907226,38.4336003112793,36.92640029907226,38.4336003112793
2019-08-14,1,35.85820014953613,37.32180015563965,35.85820014953613,37.32180015563965
2019-08-15,1,35.8288013458252,37.29120140075683,35.8288013458252,37.29120140075683
2019-08-16,1,36.39719940185547,37.88279937744141,36.39719940185547,37.88279937744141
2019-08-19,1,36.946000747680664,38.45400077819824,36.946000747680664,38.45400077819824
2019-08-20,1,36.57359970092774,38.0663996887207,36.57359970092774,38.0663996887207
2019-08-21,1,36.85780059814453,38.362200622558596,36.85780059814453,38.362200622558596
2019-08-22,1,37.11259895324707,38.62739891052246,37.11259895324707,38.62739891052246
2019-08-23,1,35.84840179443359,37.31160186767578,35.84840179443359,37.31160186767578
2019-08-26,1,35.936598205566405,37.40339813232422,35.936598205566405,37.40339813232422
2019-08-27,1,35.39759895324707,36.84239891052246,35.39759895324707,36.84239891052246
2019-08-28,1,35.9953995513916,37.464599533081056,35.9953995513916,37.464599533081056
2019-08-29,1,37.00479835510254,38.51519828796387,37.00479835510254,38.51519828796387
2019-08-30,1,37.5046004486084,39.035400466918944,37.5046004486084,39.035400466918944
2019-09-03,1,37.2007991027832,38.71919906616211,37.2007991027832,38.71919906616211
2019-09-04,1,37.896598205566406,39.44339813232422,37.896598205566406,39.44339813232422
2019-09-05,1,38.82759895324707,40.41239891052246,38.82759895324707,40.41239891052246
2019-09-06,1,39.10200149536133,40.698001556396484,39.10200149536133,40.698001556396484
2019-09-09,1,40.27799850463867,41.921998443603506,40.27799850463867,41.921998443603506
2019-09-10,1,41.11100074768066,42.78900077819824,41.11100074768066,42.78900077819824
2019-09-11,1,41.904798355102535,43.61519828796387,41.904798355102535,43.61519828796387
2019-09-12,1,42.208599700927735,43.9313996887207,42.208599700927735,43.9313996887207
2019-09-13,1,42.74759895324707,44.49239891052246,42.74759895324707,44.49239891052246
2019-09-16,1,42.72799850463866,44.47199844360351,42.72799850463866,44.47199844360351
2019-09-17,1,42.24780059814453,43.972200622558596,42.24780059814453,43.972200622558596
2019-09-18,1,42.3653995513916,44.09459953308106,42.3653995513916,44.09459953308106
2019-09-19,1,42.061598205566405,43.77839813232422,42.061598205566405,43.77839813232422
2019-09-20,1,41.92439880371094,43.63559875488282,41.92439880371094,43.63559875488282
2019-09-23,1,41.728401794433594,43.43160186767578,41.728401794433594,43.43160186767578
2019-09-24,1,40.95420089721679,42.625800933837894,40.95420089721679,42.625800933837894
2019-09-25,1,40.96399925231933,42.63599922180176,40.96399925231933,42.63599922180176
2019-09-26,1,40.07219940185547,41.707799377441404,40.07219940185547,41.707799377441404
2019-09-27,1,40.58179985046387,42.23819984436035,40.58179985046387,42.23819984436035
2019-09-30,1,40.993401794433595,42.66660186767578,40.993401794433595,42.66660186767578
2019-10-01,1,37.00479835510254,38.51519828796387,37.00479835510254,38.51519828796387
2019-10-02,1,35.779798355102535,37.24019828796387,35.779798355102535,37.24019828796387
2019-10-03,1,34.39799850463867,35.801998443603516,34.39799850463867,35.801998443603516
2019-10-04,1,34.95659820556641,36.38339813232422,34.95659820556641,36.38339813232422
2019-10-07,1,34.741000747680665,36.15900077819824,34.741000747680665,36.15900077819824
2019-10-08,1,34.5253995513916,35.934599533081055,34.5253995513916,35.934599533081055
2019-10-09,1,34.95659820556641,36.38339813232422,34.95659820556641,36.38339813232422
2019-10-10,1,35.41719940185547,36.862799377441405,35.41719940185547,36.862799377441405
2019-10-11,1,36.53439880371094,38.02559875488282,36.53439880371094,38.02559875488282
2019-10-14,1,36.965601196289064,38.474401245117186,36.965601196289064,38.474401245117186
2019-10-15,1,38.94520164489746,40.534801712036135,38.94520164489746,40.534801712036135
2019-10-16,1,38.2396004486084,39.800400466918944,38.2396004486084,39.800400466918944
2019-10-17,1,38.66100074768066,40.239000778198246,38.66100074768066,40.239000778198246
2019-10-18,1,39.141198654174794,40.73879859924316,39.141198654174794,40.73879859924316
2019-10-21,1,40.082001495361325,41.71800155639649,40.082001495361325,41.71800155639649
2019-10-22,1,40.101598205566404,41.73839813232422,40.101598205566404,41.73839813232422
2019-10-23,1,40.54259895324707,42.19739891052246,40.54259895324707,42.19739891052246
2019-10-24,1,40.17020164489746,41.80980171203613,40.17020164489746,41.80980171203613
2019-10-25,1,40.1603995513916,41.79959953308106,40.1603995513916,41.79959953308106
2019-10-28,1,40.6503995513916,42.309599533081055,40.6503995513916,42.309599533081055
2019-10-29,1,40.140799102783205,41.77919906616211,40.140799102783205,41.77919906616211
2019-10-30,1,40.47399925231934,42.125999221801756,40.47399925231934,42.125999221801756
2019-10-31,1,39.8957991027832,41.52419906616211,39.8957991027832,41.52419906616211
2019-11-01,1,40.944398803710946,42.61559875488282,40.944398803710946,42.61559875488282
2019-11-04,1,42.355601196289065,44.084401245117185,42.355601196289065,44.084401245117185
2019-11-05,1,42.55159820556641,44.28839813232422,42.55159820556641,44.28839813232422
2019-11-06,1,42.218401794433596,43.94160186767578,42.218401794433596,43.94160186767578
2019-11-07,1,42.63,44.37,42.63,44.37
2019-11-08,1,42.6692008972168,44.41080093383789,42.6692008972168,44.41080093383789
2019-11-11,1,42.3653995513916,44.09459953308106,42.3653995513916,44.09459953308106
2019-11-12,1,42.6103995513916,44.349599533081054,42.6103995513916,44.349599533081054
2019-11-13,1,41.95380134582519,43.66620140075684,41.95380134582519,43.66620140075684
2019-11-14,1,42.51240104675293,44.24760108947754,42.51240104675293,44.24760108947754
2019-11-15,1,43.46299850463866,45.23699844360351,43.46299850463866,45.23699844360351
2019-11-18,1,43.29640029907227,45.063600311279295,43.29640029907227,45.063600311279295
2019-11-19,1,43.512001495361325,45.28800155639649,43.512001495361325,45.28800155639649
2019-11-20,1,43.855,45.645,43.855,45.645
2019-11-21,1,47.069398803710946,48.99059875488282,47.069398803710946,48.99059875488282
2019-11-22,1,47.23600074768066,49.16400077819824,47.23600074768066,49.16400077819824
2019-11-25,1,48.323801345825196,50.296201400756836,48.323801345825196,50.296201400756836
2019-11-26,1,48.25520164489746,50.22480171203613,48.25520164489746,50.22480171203613
2019-11-27,1,48.84320014953613,50.83680015563965,48.84320014953613,50.83680015563965
2019-11-29,1,48.51,50.49,48.51,50.49
2019-12-02,1,48.57859970092773,50.561399688720705,48.57859970092773,50.561399688720705
2019-12-03,1,47.68679985046386,49.633199844360355,47.68679985046386,49.633199844360355
2019-12-04,1,48.04939880371094,50.01059875488282,48.04939880371094,50.01059875488282
2019-12-05,1,47.76520164489746,49.714801712036135,47.76520164489746,49.714801712036135
2019-12-06,1,47.97100074768066,49.929000778198244,47.97100074768066,49.929000778198244
2019-12-09,1,47.97100074768066,49.929000778198244,47.97100074768066,49.929000778198244
2019-12-10,1,48.2061986541748,50.173798599243156,48.2061986541748,50.173798599243156
2019-12-11,1,48.607998504638665,50.59199844360351,48.607998504638665,50.59199844360351
2019-12-12,1,50.04859970092773,52.091399688720706,50.04859970092773,52.091399688720706
2019-12-13,1,48.951000747680666,50.94900077819824,48.951000747680666,50.94900077819824
2019-12-16,1,48.72560119628906,50.71440124511719,48.72560119628906,50.71440124511719
2019-12-17,1,48.50020164489746,50.479801712036135,48.50020164489746,50.479801712036135
2019-12-18,1,47.68679985046386,49.633199844360355,47.68679985046386,49.633199844360355
2019-12-19,1,47.23600074768066,49.16400077819824,47.23600074768066,49.16400077819824
2019-12-20,1,47.15759895324707,49.082398910522464,47.15759895324707,49.082398910522464
2019-12-23,1,47.735799102783204,49.68419906616211,47.735799102783204,49.68419906616211
2019-12-24,1,47.735799102783204,49.68419906616211,47.735799102783204,49.68419906616211
2019-12-26,1,47.598599700927736,49.5413996887207,47.598599700927736,49.5413996887207
2019-12-27,1,47.37320014953613,49.30680015563965,47.37320014953613,49.30680015563965
2019-12-30,1,46.863599700927736,48.7763996887207,46.863599700927736,48.7763996887207
2019-12-31,1,46.60880134582519,48.51120140075684,46.60880134582519,48.51120140075684
2020-01-02,1,47.2653995513916,49.19459953308105,47.2653995513916,49.19459953308105
2020-01-03,1,46.06979835510254,47.950198287963865,46.06979835510254,47.950198287963865
2020-01-06,1,46.393200149536135,48.28680015563965,46.393200149536135,48.28680015563965
2020-01-07,1,46.66759895324707,48.57239891052246,46.66759895324707,48.57239891052246
2020-01-08,1,46.951799850463864,48.868199844360355,46.951799850463864,48.868199844360355
2020-01-09,1,47.14780059814453,49.0722006225586,47.14780059814453,49.0722006225586
2020-01-10,1,46.843999252319335,48.75599922180176,46.843999252319335,48.75599922180176
2020-01-13,1,47.0596004486084,48.980400466918944,47.0596004486084,48.980400466918944
2020-01-14,1,46.7557991027832,48.66419906616211,46.7557991027832,48.66419906616211
2020-01-15,1,46.17759895324707,48.06239891052246,46.17759895324707,48.06239891052246
2020-01-16,1,48.019999999999996,49.980000000000004,48.019999999999996,49.980000000000004
2020-01-17,1,47.37320014953613,49.30680015563965,47.37320014953613,49.30680015563965
2020-01-21,1,47.48100074768066,49.419000778198246,47.48100074768066,49.419000778198246
2020-01-22,1,47.95140029907226,49.9086003112793,47.95140029907226,49.9086003112793
2020-01-23,1,47.451598205566405,49.38839813232422,47.451598205566405,49.38839813232422
2020-01-24,1,46.207001495361325,48.09300155639649,46.207001495361325,48.09300155639649
2020-01-27,1,44.84479835510254,46.675198287963866,44.84479835510254,46.675198287963866
2020-01-28,1,45.37399925231934,47.22599922180176,45.37399925231934,47.22599922180176
2020-01-29,1,45.031000747680665,46.86900077819824,45.031000747680665,46.86900077819824
2020-01-30,1,46.2461986541748,48.13379859924316,46.2461986541748,48.13379859924316
2020-01-31,1,44.63899925231934,46.46099922180176,44.63899925231934,46.46099922180176
2020-02-03,1,44.76640029907227,46.593600311279296,44.76640029907227,46.593600311279296
2020-02-04,1,46.13840179443359,48.021601867675784,46.13840179443359,48.021601867675784
2020-02-05,1,47.3242008972168,49.25580093383789,47.3242008972168,49.25580093383789
2020-02-06,1,46.87340179443359,48.786601867675785,46.87340179443359,48.786601867675785
2020-02-07,1,46.363801345825195,48.25620140075684,46.363801345825195,48.25620140075684
2020-02-10,1,45.8346004486084,47.705400466918945,45.8346004486084,47.705400466918945
2020-02-11,1,46.716598205566406,48.62339813232422,46.716598205566406,48.62339813232422
2020-02-12,1,46.834200897216796,48.74580093383789,46.834200897216796,48.74580093383789
2020-02-13,1,46.344200897216794,48.23580093383789,46.344200897216794,48.23580093383789
2020-02-14,1,46.2853995513916,48.17459953308106,46.2853995513916,48.17459953308106
2020-02-18,1,45.795399551391604,47.66459953308105,45.795399551391604,47.66459953308105
2020-02-19,1,46.491198654174795,48.38879859924316,46.491198654174795,48.38879859924316
2020-02-20,1,47.60840179443359,49.551601867675785,47.60840179443359,49.551601867675785
2020-02-21,1,45.266198654174794,47.11379859924316,45.266198654174794,47.11379859924316
2020-02-24,1,42.923999252319334,44.67599922180176,42.923999252319334,44.67599922180176
2020-02-25,1,40.76799850463866,42.43199844360351,40.76799850463866,42.43199844360351
2020-02-26,1,40.591598205566406,42.24839813232422,40.591598205566406,42.24839813232422
2020-02-27,1,41.07179985046387,42.74819984436035,41.07179985046387,42.74819984436035
2020-02-28,1,39.935,41.565,39.935,41.565
2020-03-02,1,41.1403995513916,42.81959953308105,41.1403995513916,42.81959953308105
2020-03-03,1,37.53399925231933,39.06599922180176,37.53399925231933,39.06599922180176
2020-03-04,1,36.41679985046387,37.90319984436035,36.41679985046387,37.90319984436035
2020-03-05,1,34.10399925231933,35.49599922180176,34.10399925231933,35.49599922180176
2020-03-06,1,33.44740104675293,34.81260108947754,33.44740104675293,34.81260108947754
2020-03-09,1,29.664600448608397,30.875400466918947,29.664600448608397,30.875400466918947
2020-03-10,1,32.2811986541748,33.59879859924317,32.2811986541748,33.59879859924317
2020-03-11,1,31.781400299072263,33.078600311279295,31.781400299072263,33.078600311279295
2020-03-12,1,27.861400299072265,28.998600311279297,27.861400299072265,28.998600311279297
2020-03-13,1,33.19259895324707,34.54739891052246,33.19259895324707,34.54739891052246
2020-03-16,1,29.948799476623535,31.17119945526123,29.948799476623535,31.17119945526123
2020-03-17,1,33.00640029907227,34.353600311279294,33.00640029907227,34.353600311279294
2020-03-18,1,31.771598205566406,33.06839813232422,31.771598205566406,33.06839813232422
2020-03-19,1,31.183599700927733,32.4563996887207,31.183599700927733,32.4563996887207
2020-03-20,1,30.134999999999998,31.365000000000002,30.134999999999998,31.365000000000002
2020-03-23,1,27.93,29.07,27.93,29.07
2020-03-24,1,30.105599327087397,31.33439929962158,30.105599327087397,31.33439929962158
2020-03-25,1,33.48659820556641,34.853398132324216,33.48659820556641,34.853398132324216
2020-03-26,1,33.47679985046387,34.84319984436035,33.47679985046387,34.84319984436035
2020-03-27,1,32.937800598144534,34.28220062255859,32.937800598144534,34.28220062255859
2020-03-30,1,33.64340179443359,35.01660186767578,33.64340179443359,35.01660186767578
2020-03-31,1,32.947598953247066,34.292398910522465,32.947598953247066,34.292398910522465
2020-04-01,1,32.3007991027832,33.61919906616211,32.3007991027832,33.61919906616211
2020-04-02,1,33.70219940185547,35.07779937744141,33.70219940185547,35.07779937744141
2020-04-03,1,32.92799850463867,34.271998443603515,32.92799850463867,34.271998443603515
2020-04-06,1,35.35840179443359,36.801601867675785,35.35840179443359,36.801601867675785
2020-04-07,1,34.2411986541748,35.63879859924317,34.2411986541748,35.63879859924317
2020-04-08,1,35.760201644897464,37.21980171203613,35.760201644897464,37.21980171203613
2020-04-09,1,35.8092008972168,37.27080093383789,35.8092008972168,37.27080093383789
2020-04-13,1,34.0746004486084,35.46540046691894,34.0746004486084,35.46540046691894
2020-04-14,1,35.485799102783204,36.93419906616211,35.485799102783204,36.93419906616211
2020-04-15,1,33.976598205566404,35.36339813232422,33.976598205566404,35.36339813232422
2020-04-16,1,33.90799850463867,35.29199844360352,33.90799850463867,35.29199844360352
2020-04-17,1,35.0742008972168,36.50580093383789,35.0742008972168,36.50580093383789
2020-04-20,1,35.85820014953613,37.32180015563965,35.85820014953613,37.32180015563965
2020-04-21,1,35.221198654174806,36.65879859924316,35.221198654174806,36.65879859924316
2020-04-22,1,35.15259895324707,36.58739891052246,35.15259895324707,36.58739891052246
2020-04-23,1,34.92719940185547,36.35279937744141,34.92719940185547,36.35279937744141
2020-04-24,1,34.692001495361325,36.10800155639649,34.692001495361325,36.10800155639649
2020-04-27,1,36.103200149536136,37.576800155639646,36.103200149536136,37.576800155639646
2020-04-28,1,36.338401794433594,37.82160186767578,36.338401794433594,37.82160186767578
2020-04-29,1,38.014200897216796,39.56580093383789,38.014200897216796,39.56580093383789
2020-04-30,1,36.965601196289064,38.474401245117186,36.965601196289064,38.474401245117186
2020-05-01,1,35.72100074768066,37.179000778198244,35.72100074768066,37.179000778198244
2020-05-04,1,34.91740104675293,36.34260108947754,34.91740104675293,36.34260108947754
2020-05-05,1,34.20200149536133,35.59800155639648,34.20200149536133,35.59800155639648
2020-05-06,1,33.87859970092774,35.2613996887207,33.87859970092774,35.2613996887207
2020-05-07,1,34.466598205566406,35.87339813232422,34.466598205566406,35.87339813232422
2020-05-08,1,35.779798355102535,37.24019828796387,35.779798355102535,37.24019828796387
2020-05-11,1,35.12320014953613,36.55680015563965,35.12320014953613,36.55680015563965
2020-05-12,1,33.63359970092773,35.006399688720705,33.63359970092773,35.006399688720705
2020-05-13,1,32.487001495361326,33.813001556396486,32.487001495361326,33.813001556396486
2020-05-14,1,32.73200149536133,34.06800155639648,32.73200149536133,34.06800155639648
2020-05-15,1,31.908801345825196,33.211201400756835,31.908801345825196,33.211201400756835
2020-05-18,1,33.5257991027832,34.89419906616211,33.5257991027832,34.89419906616211
2020-05-19,1,32.33020164489746,33.64980171203614,32.33020164489746,33.64980171203614
2020-05-20,1,33.0161986541748,34.36379859924317,33.0161986541748,34.36379859924317
2020-05-21,1,32.55560119628906,33.88440124511719,32.55560119628906,33.88440124511719
2020-05-22,1,32.173401794433595,33.48660186767578,32.173401794433595,33.48660186767578
2020-05-26,1,33.81,35.19,33.81,35.19
2020-05-27,1,36.34820014953613,37.83180015563965,36.34820014953613,37.83180015563965
2020-05-28,1,35.28979835510254,36.730198287963866,35.28979835510254,36.730198287963866
2020-05-29,1,35.191799850463866,36.62819984436035,35.191799850463866,36.62819984436035
2020-06-01,1,35.779798355102535,37.24019828796387,35.779798355102535,37.24019828796387
2020-06-02,1,36.39719940185547,37.88279937744141,36.39719940185547,37.88279937744141
2020-06-03,1,38.71979835510254,40.300198287963866,38.71979835510254,40.300198287963866
2020-06-04,1,40.846400299072265,42.5136003112793,40.846400299072265,42.5136003112793
2020-06-05,1,41.96359970092773,43.67639968872071,41.96359970092773,43.67639968872071
2020-06-08,1,40.98359970092773,42.656399688720704,40.98359970092773,42.656399688720704
2020-06-09,1,39.376400299072266,40.9836003112793,39.376400299072266,40.9836003112793
2020-06-10,1,37.35759895324707,38.88239891052246,37.35759895324707,38.88239891052246
2020-06-11,1,35.43679985046386,36.883199844360355,35.43679985046386,36.883199844360355
2020-06-12,1,35.8288013458252,37.29120140075683,35.8288013458252,37.29120140075683
2020-06-15,1,35.917001495361326,37.383001556396486,35.917001495361326,37.383001556396486
2020-06-16,1,36.1815982055664,37.65839813232422,36.1815982055664,37.65839813232422
2020-06-17,1,35.936598205566405,37.40339813232422,35.936598205566405,37.40339813232422
2020-06-18,1,36.14240104675293,37.61760108947754,36.14240104675293,37.61760108947754
2020-06-19,1,35.936598205566405,37.40339813232422,35.936598205566405,37.40339813232422
2020-06-22,1,35.69159820556641,37.14839813232422,35.69159820556641,37.14839813232422
2020-06-23,1,35.172199401855465,36.60779937744141,35.172199401855465,36.60779937744141
2020-06-24,1,33.12399925231934,34.47599922180176,33.12399925231934,34.47599922180176
2020-06-25,1,33.398401794433596,34.76160186767578,33.398401794433596,34.76160186767578
2020-06-26,1,31.115,32.385,31.115,32.385
2020-06-29,1,32.095,33.405,32.095,33.405
2020-06-30,1,33.06520164489746,34.41480171203613,33.06520164489746,34.41480171203613
2020-07-01,1,32.3596004486084,33.68040046691895,32.3596004486084,33.68040046691895
2020-07-02,1,32.72219940185547,34.057799377441405,32.72219940185547,34.057799377441405
2020-07-06,1,33.5257991027832,34.89419906616211,33.5257991027832,34.89419906616211
2020-07-07,1,33.21219940185547,34.5677993774414,33.21219940185547,34.5677993774414
2020-07-08,1,33.74140029907227,35.118600311279295,33.74140029907227,35.118600311279295
2020-07-09,1,33.20240104675293,34.55760108947754,33.20240104675293,34.55760108947754
2020-07-10,1,34.10399925231933,35.49599922180176,34.10399925231933,35.49599922180176
2020-07-13,1,33.74140029907227,35.118600311279295,33.74140029907227,35.118600311279295
2020-07-14,1,33.858999252319336,35.24099922180176,33.858999252319336,35.24099922180176
2020-07-15,1,34.94679985046387,36.37319984436035,34.94679985046387,36.37319984436035
2020-07-16,1,34.22159820556641,35.61839813232422,34.22159820556641,35.61839813232422
2020-07-17,1,32.7711986541748,34.108798599243165,32.7711986541748,34.108798599243165
2020-07-20,1,33.16320014953613,34.51680015563965,33.16320014953613,34.51680015563965
2020-07-21,1,34.53520164489746,35.94480171203613,34.53520164489746,35.94480171203613
2020-07-22,1,34.16280059814453,35.5572006225586,34.16280059814453,35.5572006225586
2020-07-23,1,34.5057991027832,35.91419906616211,34.5057991027832,35.91419906616211
2020-07-24,1,34.2411986541748,35.63879859924317,34.2411986541748,35.63879859924317
2020-07-27,1,33.16320014953613,34.51680015563965,33.16320014953613,34.51680015563965
2020-07-28,1,32.98679985046387,34.33319984436035,32.98679985046387,34.33319984436035
2020-07-29,1,33.398401794433596,34.76160186767578,33.398401794433596,34.76160186767578
2020-07-30,1,32.908401794433594,34.25160186767578,32.908401794433594,34.25160186767578
2020-07-31,1,32.487001495361326,33.813001556396486,32.487001495361326,33.813001556396486
2020-08-03,1,32.67320014953613,34.00680015563965,32.67320014953613,34.00680015563965
2020-08-04,1,33.27100074768067,34.62900077819824,33.27100074768067,34.62900077819824
2020-08-05,1,33.516000747680664,34.88400077819824,33.516000747680664,34.88400077819824
2020-08-06,1,32.477199401855465,33.80279937744141,32.477199401855465,33.80279937744141
2020-08-07,1,33.359200897216795,34.72080093383789,33.359200897216795,34.72080093383789
2020-08-10,1,33.12399925231934,34.47599922180176,33.12399925231934,34.47599922180176
2020-08-11,1,34.2607991027832,35.65919906616211,34.2607991027832,35.65919906616211
2020-08-12,1,34.143200149536135,35.53680015563965,34.143200149536135,35.53680015563965
2020-08-13,1,33.91780059814453,35.302200622558594,33.91780059814453,35.302200622558594
2020-08-14,1,34.34899925231934,35.750999221801756,34.34899925231934,35.750999221801756
2020-08-17,1,33.92759895324707,35.31239891052246,33.92759895324707,35.31239891052246
2020-08-18,1,34.25100074768066,35.64900077819824,34.25100074768066,35.64900077819824
2020-08-19,1,34.9957991027832,36.42419906616211,34.9957991027832,36.42419906616211
2020-08-20,1,33.858999252319336,35.24099922180176,33.858999252319336,35.24099922180176
2020-08-21,1,33.76100074768066,35.139000778198245,33.76100074768066,35.139000778198245
2020-08-24,1,34.41759895324707,35.82239891052246,34.41759895324707,35.82239891052246
2020-08-25,1,34.83899925231933,36.26099922180176,34.83899925231933,36.26099922180176
2020-08-26,1,34.7115982055664,36.12839813232422,34.7115982055664,36.12839813232422
2020-08-27,1,35.35840179443359,36.801601867675785,35.35840179443359,36.801601867675785
2020-08-28,1,35.554398803710946,37.00559875488282,35.554398803710946,37.00559875488282
2020-08-31,1,34.81939880371094,36.24059875488281,34.81939880371094,36.24059875488281
2020-09-01,1,35.08399925231934,36.515999221801756,35.08399925231934,36.515999221801756
2020-09-02,1,35.25060119628906,36.68940124511719,35.25060119628906,36.68940124511719
2020-09-03,1,34.68219940185547,36.097799377441405,34.68219940185547,36.097799377441405
2020-09-04,1,35.476000747680665,36.92400077819824,35.476000747680665,36.92400077819824
2020-09-08,1,33.966799850463865,35.353199844360354,33.966799850463865,35.353199844360354
2020-09-09,1,34.32939880371094,35.73059875488281,34.32939880371094,35.73059875488281
2020-09-10,1,33.966799850463865,35.353199844360354,33.966799850463865,35.353199844360354
2020-09-11,1,34.53520164489746,35.94480171203613,34.53520164489746,35.94480171203613
2020-09-14,1,35.0153995513916,36.44459953308105,35.0153995513916,36.44459953308105
2020-09-15,1,34.055,35.445,34.055,35.445
2020-09-16,1,35.0153995513916,36.44459953308105,35.0153995513916,36.44459953308105
2020-09-17,1,35.09380134582519,36.52620140075684,35.09380134582519,36.52620140075684
2020-09-18,1,35.30939880371094,36.75059875488282,35.30939880371094,36.75059875488282
2020-09-21,1,34.53520164489746,35.94480171203613,34.53520164489746,35.94480171203613
2020-09-22,1,34.270601196289064,35.669401245117186,34.270601196289064,35.669401245117186
2020-09-23,1,34.08439880371094,35.47559875488281,34.08439880371094,35.47559875488281
2020-09-24,1,33.67280059814453,35.04720062255859,33.67280059814453,35.04720062255859
2020-09-25,1,34.2411986541748,35.63879859924317,34.2411986541748,35.63879859924317
2020-09-28,1,35.476000747680665,36.92400077819824,35.476000747680665,36.92400077819824
2020-09-29,1,35.06439880371094,36.49559875488281,35.06439880371094,36.49559875488281
2020-09-30,1,35.5053995513916,36.95459953308106,35.5053995513916,36.95459953308106
2020-10-01,1,36.975399551391604,38.48459953308105,36.975399551391604,38.48459953308105
2020-10-02,1,36.91659820556641,38.423398132324216,36.91659820556641,38.423398132324216
2020-10-05,1,36.201198654174796,37.67879859924316,36.201198654174796,37.67879859924316
2020-10-06,1,36.015,37.485,36.015,37.485
2020-10-07,1,37.024398803710945,38.53559875488282,37.024398803710945,38.53559875488282
2020-10-08,1,36.98520164489746,38.494801712036136,36.98520164489746,38.494801712036136
2020-10-09,1,37.4653995513916,38.99459953308106,37.4653995513916,38.99459953308106
2020-10-12,1,37.700601196289064,39.239401245117186,37.700601196289064,39.239401245117186
2020-10-13,1,36.85780059814453,38.362200622558596,36.85780059814453,38.362200622558596
2020-10-14,1,36.37759895324707,37.86239891052246,36.37759895324707,37.86239891052246
2020-10-15,1,38.249398803710946,39.81059875488282,38.249398803710946,39.81059875488282
2020-10-16,1,38.5042008972168,40.07580093383789,38.5042008972168,40.07580093383789
2020-10-19,1,38.11219940185547,39.667799377441405,38.11219940185547,39.667799377441405
2020-10-20,1,38.34740104675293,39.91260108947754,38.34740104675293,39.91260108947754
2020-10-21,1,38.151400299072264,39.7086003112793,38.151400299072264,39.7086003112793
2020-10-22,1,39.32740104675293,40.93260108947754,39.32740104675293,40.93260108947754
2020-10-23,1,39.54299850463867,41.156998443603506,39.54299850463867,41.156998443603506
2020-10-26,1,38.36700149536133,39.93300155639648,38.36700149536133,39.93300155639648
2020-10-27,1,37.700601196289064,39.239401245117186,37.700601196289064,39.239401245117186
2020-10-28,1,37.387001495361325,38.91300155639649,37.387001495361325,38.91300155639649
2020-10-29,1,39.503801345825195,41.116201400756836,39.503801345825195,41.116201400756836
2020-10-30,1,40.28780059814453,41.9322006225586,40.28780059814453,41.9322006225586
2020-11-02,1,40.43479835510254,42.08519828796387,40.43479835510254,42.08519828796387
2020-11-03,1,41.708801345825194,43.41120140075684,41.708801345825194,43.41120140075684
2020-11-04,1,40.02320014953613,41.65680015563965,40.02320014953613,41.65680015563965
2020-11-05,1,40.62100074768066,42.279000778198245,40.62100074768066,42.279000778198245
2020-11-06,1,40.30740104675293,41.95260108947754,40.30740104675293,41.95260108947754
2020-11-09,1,44.0607991027832,45.85919906616211,44.0607991027832,45.85919906616211
2020-11-10,1,45.491598205566405,47.34839813232422,45.491598205566405,47.34839813232422
2020-11-11,1,45.3053995513916,47.154599533081054,45.3053995513916,47.154599533081054
2020-11-12,1,43.825601196289064,45.614401245117186,43.825601196289064,45.614401245117186
2020-11-13,1,45.08,46.92,45.08,46.92
2020-11-16,1,45.95219940185547,47.82779937744141,45.95219940185547,47.82779937744141
2020-11-17,1,47.92200149536133,49.878001556396484,47.92200149536133,49.878001556396484
2020-11-18,1,46.74600074768066,48.654000778198245,46.74600074768066,48.654000778198245
2020-11-19,1,46.13840179443359,48.021601867675784,46.13840179443359,48.021601867675784
2020-11-20,1,45.67780059814453,47.542200622558596,45.67780059814453,47.542200622558596
2020-11-23,1,47.27520164489746,49.20480171203614,47.27520164489746,49.20480171203614
2020-11-24,1,48.7942008972168,50.78580093383789,48.7942008972168,50.78580093383789
2020-11-25,1,48.755,50.745,48.755,50.745
2020-11-27,1,48.70600074768066,50.694000778198244,48.70600074768066,50.694000778198244
2020-11-30,1,47.804398803710946,49.75559875488282,47.804398803710946,49.75559875488282
2020-12-01,1,49.0196004486084,51.02040046691894,49.0196004486084,51.02040046691894
2020-12-02,1,49.84280059814453,51.8772006225586,49.84280059814453,51.8772006225586
2020-12-03,1,50.04859970092773,52.091399688720706,50.04859970092773,52.091399688720706
2020-12-04,1,49.97020164489746,52.009801712036136,49.97020164489746,52.009801712036136
2020-12-07,1,49.74479835510254,51.77519828796387,49.74479835510254,51.77519828796387
2020-12-08,1,49.538999252319336,51.56099922180176,49.538999252319336,51.56099922180176
2020-12-09,1,49.538999252319336,51.56099922180176,49.538999252319336,51.56099922180176
2020-12-10,1,49.09799850463867,51.101998443603506,49.09799850463867,51.101998443603506
2020-12-11,1,48.441400299072264,50.4186003112793,48.441400299072264,50.4186003112793
2020-12-14,1,48.84320014953613,50.83680015563965,48.84320014953613,50.83680015563965
2020-12-15,1,50.02899925231934,52.070999221801756,50.02899925231934,52.070999221801756
2020-12-16,1,50.64640029907226,52.7136003112793,50.64640029907226,52.7136003112793
2020-12-17,1,50.74439880371094,52.81559875488282,50.74439880371094,52.81559875488282
2020-12-18,1,50.9403995513916,53.019599533081056,50.9403995513916,53.019599533081056
2020-12-21,1,50.714999999999996,52.785000000000004,50.714999999999996,52.785000000000004
2020-12-22,1,50.60719940185547,52.67279937744141,50.60719940185547,52.67279937744141
2020-12-23,1,51.302998504638666,53.39699844360351,51.302998504638666,53.39699844360351
2020-12-24,1,51.018801345825196,53.101201400756835,51.018801345825196,53.101201400756835
2020-12-28,1,51.881198654174796,53.99879859924316,51.881198654174796,53.99879859924316
2020-12-29,1,51.4892008972168,53.59080093383789,51.4892008972168,53.59080093383789
2020-12-30,1,51.36179985046387,53.45819984436035,51.36179985046387,53.45819984436035
2020-12-31,1,51.9792008972168,54.10080093383789,51.9792008972168,54.10080093383789
2021-01-04,1,51.70479835510254,53.81519828796387,51.70479835510254,53.81519828796387
2021-01-05,1,51.7146004486084,53.82540046691894,51.7146004486084,53.82540046691894
2021-01-06,1,56.261799850463866,58.55819984436035,56.261799850463866,58.55819984436035
2021-01-07,1,57.878801345825195,60.241201400756836,57.878801345825195,60.241201400756836
2021-01-08,1,57.8003995513916,60.15959953308106,57.8003995513916,60.15959953308106
2021-01-11,1,59.045,61.455,59.045,61.455
2021-01-12,1,59.976000747680665,62.42400077819824,59.976000747680665,62.42400077819824
2021-01-13,1,58.319798355102535,60.70019828796387,58.319798355102535,60.70019828796387
2021-01-14,1,58.14340179443359,60.51660186767578,58.14340179443359,60.51660186767578
2021-01-15,1,57.574999999999996,59.925000000000004,57.574999999999996,59.925000000000004
2021-01-19,1,58.0453995513916,60.41459953308106,58.0453995513916,60.41459953308106
2021-01-20,1,57.43780059814453,59.7822006225586,57.43780059814453,59.7822006225586
2021-01-21,1,57.52600074768066,59.874000778198244,57.52600074768066,59.874000778198244
2021-01-22,1,57.232001495361324,59.56800155639649,57.232001495361324,59.56800155639649
2021-01-25,1,55.938401794433595,58.22160186767578,55.938401794433595,58.22160186767578
2021-01-26,1,55.0857991027832,57.334199066162114,55.0857991027832,57.334199066162114
2021-01-27,1,52.2242008972168,54.35580093383789,52.2242008972168,54.35580093383789
2021-01-28,1,52.66520164489746,54.814801712036136,52.66520164489746,54.814801712036136
2021-01-29,1,50.50920089721679,52.570800933837894,50.50920089721679,52.570800933837894
2021-02-01,1,52.30259895324707,54.43739891052246,52.30259895324707,54.43739891052246
2021-02-02,1,53.4492008972168,55.63080093383789,53.4492008972168,55.63080093383789
2021-02-03,1,52.390799102783205,54.52919906616211,52.390799102783205,54.52919906616211
2021-02-04,1,54.09600074768066,56.304000778198244,54.09600074768066,56.304000778198244
2021-02-05,1,54.62520164489746,56.854801712036135,54.62520164489746,56.854801712036135
2021-02-08,1,54.732998504638665,56.96699844360351,54.732998504638665,56.96699844360351
2021-02-09,1,55.1446004486084,57.39540046691894,55.1446004486084,57.39540046691894
2021-02-10,1,54.586000747680664,56.81400077819824,54.586000747680664,56.81400077819824
2021-02-11,1,54.81140029907227,57.048600311279294,54.81140029907227,57.048600311279294
2021-02-12,1,57.0261986541748,59.353798599243156,57.0261986541748,59.353798599243156
2021-02-16,1,59.73100074768066,62.169000778198246,59.73100074768066,62.169000778198246
2021-02-17,1,60.07399925231933,62.52599922180176,60.07399925231933,62.52599922180176
2021-02-18,1,60.691400299072264,63.1686003112793,60.691400299072264,63.1686003112793
2021-02-19,1,60.67179985046386,63.148199844360356,60.67179985046386,63.148199844360356
2021-02-22,1,61.69100074768066,64.20900077819825,61.69100074768066,64.20900077819825
2021-02-23,1,61.4165982055664,63.92339813232422,61.4165982055664,63.92339813232422
2021-02-24,1,63.15120239257812,65.72880249023437,63.15120239257812,65.72880249023437
2021-02-25,1,61.83799850463866,64.36199844360351,61.83799850463866,64.36199844360351
2021-02-26,1,60.48560119628906,62.95440124511719,60.48560119628906,62.95440124511719
2021-03-01,1,62.81799850463867,65.38199844360352,62.81799850463867,65.38199844360352
2021-03-02,1,62.523999252319335,65.07599922180177,62.523999252319335,65.07599922180177
2021-03-03,1,63.6607991027832,66.25919906616211,63.6607991027832,66.25919906616211
2021-03-04,1,63.47459671020508,66.06539657592774,63.47459671020508,66.06539657592774
2021-03-05,1,63.719596710205074,66.32039657592773,63.719596710205074,66.32039657592773
2021-03-08,1,63.1707991027832,65.7491990661621,63.1707991027832,65.7491990661621
2021-03-09,1,62.475,65.025,62.475,65.025
2021-03-10,1,63.729398803710936,66.33059875488281,63.729398803710936,66.33059875488281
2021-03-11,1,65.08180358886719,67.73820373535156,65.08180358886719,67.73820373535156
2021-03-12,1,66.29700149536133,69.00300155639648,66.29700149536133,69.00300155639648
2021-03-15,1,65.01319641113281,67.66679626464844,65.01319641113281,67.66679626464844
2021-03-16,1,64.16060119628906,66.77940124511719,64.16060119628906,66.77940124511719
2021-03-17,1,64.38599700927735,67.01399688720703,64.38599700927735,67.01399688720703
2021-03-18,1,64.74859970092773,67.39139968872071,64.74859970092773,67.39139968872071
2021-03-19,1,64.72900299072265,67.37100311279298,64.72900299072265,67.37100311279298
2021-03-22,1,63.47459671020508,66.06539657592774,63.47459671020508,66.06539657592774
2021-03-23,1,62.09280059814453,64.62720062255859,62.09280059814453,64.62720062255859
2021-03-24,1,62.83760269165039,65.40240280151367,62.83760269165039,65.40240280151367
2021-03-25,1,63.82739730834961,66.43259719848633,63.82739730834961,66.43259719848633
2021-03-26,1,64.3957991027832,67.02419906616211,64.3957991027832,67.02419906616211
2021-03-29,1,62.82780059814453,65.39220062255859,62.82780059814453,65.39220062255859
2021-03-30,1,63.46480209350586,66.05520217895508,63.46480209350586,66.05520217895508
2021-03-31,1,63.876400299072266,66.4836003112793,63.876400299072266,66.4836003112793
2021-04-01,1,65.11120239257812,67.76880249023438,65.11120239257812,67.76880249023438
2021-04-05,1,66.78700149536132,69.51300155639649,66.78700149536132,69.51300155639649
2021-04-06,1,65.95400299072266,68.64600311279297,65.95400299072266,68.64600311279297
2021-04-07,1,65.70900299072265,68.39100311279297,65.70900299072265,68.39100311279297
2021-04-08,1,65.5031964111328,68.17679626464844,65.5031964111328,68.17679626464844
2021-04-09,1,66.21859970092774,68.9213996887207,66.21859970092774,68.9213996887207
2021-04-12,1,66.35579910278321,69.0641990661621,66.35579910278321,69.0641990661621
2021-04-13,1,65.26799850463867,67.93199844360352,65.26799850463867,67.93199844360352
2021-04-14,1,66.09120239257813,68.78880249023437,66.09120239257813,68.78880249023437
2021-04-15,1,64.19,66.81,64.19,66.81
2021-04-16,1,63.44519790649414,66.03479782104492,63.44519790649414,66.03479782104492
2021-04-19,1,64.5623973083496,67.19759719848633,64.5623973083496,67.19759719848633
2021-04-20,1,62.4161986541748,64.96379859924316,62.4161986541748,64.96379859924316
2021-04-21,1,64.09200149536133,66.70800155639648,64.09200149536133,66.70800155639648
2021-04-22,1,63.504002990722654,66.09600311279297,63.504002990722654,66.09600311279297
2021-04-23,1,65.79719940185547,68.48279937744141,65.79719940185547,68.48279937744141
2021-04-26,1,66.41459671020507,69.12539657592774,66.41459671020507,69.12539657592774
2021-04-27,1,68.24719940185547,71.0327993774414,68.24719940185547,71.0327993774414
2021-04-28,1,68.46280059814453,71.2572006225586,68.46280059814453,71.2572006225586
2021-04-29,1,70.2757991027832,73.14419906616212,70.2757991027832,73.14419906616212
2021-04-30,1,68.99200149536132,71.80800155639649,68.99200149536132,71.80800155639649
2021-05-03,1,69.52120239257812,72.35880249023438,69.52120239257812,72.35880249023438
2021-05-04,1,68.68819641113281,71.49179626464844,68.68819641113281,71.49179626464844
2021-05-05,1,69.56040328979492,72.39960342407227,69.56040328979492,72.39960342407227
2021-05-06,1,70.08959671020507,72.95039657592774,70.08959671020507,72.95039657592774
2021-05-07,1,70.315,73.185,70.315,73.185
2021-05-10,1,69.67799850463867,72.52199844360352,69.67799850463867,72.52199844360352
2021-05-11,1,69.2173973083496,72.04259719848633,69.2173973083496,72.04259719848633
2021-05-12,1,67.7376026916504,70.50240280151367,67.7376026916504,70.50240280151367
2021-05-13,1,69.02140029907227,71.8386003112793,69.02140029907227,71.8386003112793
2021-05-14,1,71.785,74.715,71.785,74.715
2021-05-17,1,71.53999999999999,74.46000000000001,71.53999999999999,74.46000000000001
2021-05-18,1,69.48200149536133,72.31800155639648,69.48200149536133,72.31800155639648
2021-05-19,1,69.7857991027832,72.63419906616211,69.7857991027832,72.63419906616211
2021-05-20,1,69.32519790649414,72.15479782104492,69.32519790649414,72.15479782104492
2021-05-21,1,70.7265982055664,73.61339813232422,70.7265982055664,73.61339813232422
2021-05-24,1,71.15780059814453,74.06220062255859,71.15780059814453,74.06220062255859
2021-05-25,1,70.19739730834961,73.06259719848633,70.19739730834961,73.06259719848633
2021-05-26,1,70.09939880371094,72.96059875488281,70.09939880371094,72.96059875488281
2021-05-27,1,72.37299850463867,75.32699844360351,72.37299850463867,75.32699844360351
2021-05-28,1,72.37299850463867,75.32699844360351,72.37299850463867,75.32699844360351
2021-06-01,1,73.14719940185547,76.1327993774414,73.14719940185547,76.1327993774414
2021-06-02,1,73.43140029907227,76.4286003112793,73.43140029907227,76.4286003112793
2021-06-03,1,74.48980209350586,77.53020217895508,74.48980209350586,77.53020217895508
2021-06-04,1,74.20560119628907,77.23440124511718,74.20560119628907,77.23440124511718
2021-06-07,1,73.23540328979492,76.22460342407227,73.23540328979492,76.22460342407227
2021-06-08,1,73.61760269165039,76.62240280151367,73.61760269165039,76.62240280151367
2021-06-09,1,71.39299850463867,74.30699844360352,71.39299850463867,74.30699844360352
2021-06-10,1,71.16760269165039,74.07240280151368,71.16760269165039,74.07240280151368
2021-06-11,1,72.44159820556641,75.39839813232422,72.44159820556641,75.39839813232422
2021-06-14,1,70.56980209350586,73.45020217895508,70.56980209350586,73.45020217895508
2021-06-15,1,71.0892008972168,73.99080093383789,71.0892008972168,73.99080093383789
2021-06-16,1,72.275,75.225,72.275,75.225
2021-06-17,1,70.69719940185547,73.5827993774414,70.69719940185547,73.5827993774414
2021-06-18,1,68.43340179443359,71.22660186767578,68.43340179443359,71.22660186767578
2021-06-21,1,71.28519790649413,74.19479782104493,71.28519790649413,74.19479782104493
2021-06-22,1,71.05,73.95,71.05,73.95
2021-06-23,1,71.43219940185547,74.3477993774414,71.43219940185547,74.3477993774414
2021-06-24,1,71.92219940185547,74.85779937744141,71.92219940185547,74.85779937744141
2021-06-25,1,72.30439880371094,75.25559875488281,72.30439880371094,75.25559875488281
2021-06-28,1,71.81439880371093,74.74559875488282,71.81439880371093,74.74559875488282
2021-06-29,1,71.75560119628906,74.68440124511719,71.75560119628906,74.68440124511719
2021-06-30,1,71.35379760742187,74.26619750976563,71.35379760742187,74.26619750976563
2021-07-01,1,72.09859970092774,75.0413996887207,72.09859970092774,75.0413996887207
2021-07-02,1,71.34400299072266,74.25600311279297,71.34400299072266,74.25600311279297
2021-07-06,1,69.35459671020507,72.18539657592774,69.35459671020507,72.18539657592774
2021-07-07,1,68.66859970092773,71.47139968872071,68.66859970092773,71.47139968872071
2021-07-08,1,66.58120239257812,69.29880249023438,66.58120239257812,69.29880249023438
2021-07-09,1,69.13900299072266,71.96100311279297,69.13900299072266,71.96100311279297
2021-07-12,1,70.2757991027832,73.14419906616212,70.2757991027832,73.14419906616212
2021-07-13,1,70.38359970092773,73.2563996887207,70.38359970092773,73.2563996887207
2021-07-14,1,68.79599700927734,71.60399688720703,68.79599700927734,71.60399688720703
2021-07-15,1,69.13900299072266,71.96100311279297,69.13900299072266,71.96100311279297
2021-07-16,1,67.51219940185547,70.2677993774414,67.51219940185547,70.2677993774414
2021-07-19,1,65.34640029907226,68.0136003112793,65.34640029907226,68.0136003112793
2021-07-20,1,66.58120239257812,69.29880249023438,66.58120239257812,69.29880249023438
2021-07-21,1,68.16879760742188,70.95119750976562,68.16879760742188,70.95119750976562
2021-07-22,1,65.905,68.595,65.905,68.595
2021-07-23,1,66.55180358886719,69.26820373535156,66.55180358886719,69.26820373535156
2021-07-26,1,66.6792008972168,69.40080093383789,66.6792008972168,69.40080093383789
2021-07-27,1,66.02260269165039,68.71740280151367,66.02260269165039,68.71740280151367
2021-07-28,1,66.49299850463868,69.20699844360351,66.49299850463868,69.20699844360351
2021-07-29,1,67.19859970092773,69.94139968872071,67.19859970092773,69.94139968872071
2021-07-30,1,66.59099700927734,69.30899688720703,66.59099700927734,69.30899688720703
2021-08-02,1,66.38519790649414,69.09479782104492,66.38519790649414,69.09479782104492
2021-08-03,1,66.06180358886719,68.75820373535156,66.06180358886719,68.75820373535156
2021-08-04,1,66.31659820556641,69.02339813232422,66.31659820556641,69.02339813232422
2021-08-05,1,67.91400299072265,70.68600311279297,67.91400299072265,70.68600311279297
2021-08-06,1,70.49140029907227,73.3686003112793,70.49140029907227,73.3686003112793
2021-08-09,1,71.9515982055664,74.88839813232423,71.9515982055664,74.88839813232423
2021-08-10,1,73.03939880371094,76.02059875488281,73.03939880371094,76.02059875488281
2021-08-11,1,73.31379760742188,76.30619750976562,73.31379760742188,76.30619750976562
2021-08-12,1,73.9115982055664,76.92839813232422,73.9115982055664,76.92839813232422
2021-08-13,1,72.52980209350586,75.49020217895507,72.52980209350586,75.49020217895507
2021-08-16,1,71.79480209350587,74.72520217895507,71.79480209350587,74.72520217895507
2021-08-17,1,71.05,73.95,71.05,73.95
2021-08-18,1,70.56,73.44,70.56,73.44
2021-08-19,1,69.63879760742188,72.48119750976562,69.63879760742188,72.48119750976562
2021-08-20,1,70.53060119628906,73.4094012451172,70.53060119628906,73.4094012451172
2021-08-23,1,70.85400299072265,73.74600311279298,70.85400299072265,73.74600311279298
2021-08-24,1,72.66700149536133,75.63300155639648,72.66700149536133,75.63300155639648
2021-08-25,1,73.0884017944336,76.07160186767578,73.0884017944336,76.07160186767578
2021-08-26,1,72.17700149536132,75.12300155639649,72.17700149536132,75.12300155639649
2021-08-27,1,74.32319641113281,77.35679626464844,74.32319641113281,77.35679626464844
2021-08-30,1,71.97120239257812,74.90880249023438,71.97120239257812,74.90880249023438
2021-08-31,1,71.39299850463867,74.30699844360352,71.39299850463867,74.30699844360352
2021-09-01,1,71.73599700927734,74.66399688720703,71.73599700927734,74.66399688720703
2021-09-02,1,71.4518035888672,74.36820373535156,71.4518035888672,74.36820373535156
2021-09-03,1,70.64819641113282,73.53179626464843,70.64819641113282,73.53179626464843
2021-09-07,1,70.63840179443359,73.52160186767578,70.63840179443359,73.52160186767578
2021-09-08,1,70.12879760742187,72.99119750976563,70.12879760742187,72.99119750976563
2021-09-09,1,70.8834017944336,73.77660186767578,70.8834017944336,73.77660186767578
2021-09-10,1,70.01120239257813,72.86880249023437,70.01120239257813,72.86880249023437
2021-09-13,1,70.45219940185547,73.32779937744141,70.45219940185547,73.32779937744141
2021-09-14,1,68.33540328979493,71.12460342407226,68.33540328979493,71.12460342407226
2021-09-15,1,69.72700149536132,72.57300155639649,69.72700149536132,72.57300155639649
2021-09-16,1,69.36439880371094,72.19559875488281,69.36439880371094,72.19559875488281
2021-09-17,1,69.02140029907227,71.8386003112793,69.02140029907227,71.8386003112793
2021-09-20,1,67.42400299072266,70.17600311279297,67.42400299072266,70.17600311279297
2021-09-21,1,67.07120239257813,69.80880249023437,67.07120239257813,69.80880249023437
2021-09-22,1,68.99200149536132,71.80800155639649,68.99200149536132,71.80800155639649
2021-09-23,1,72.81400299072266,75.78600311279297,72.81400299072266,75.78600311279297
2021-09-24,1,74.07819641113281,77.10179626464844,74.07819641113281,77.10179626464844
2021-09-27,1,75.83239730834961,78.92759719848632,75.83239730834961,78.92759719848632
2021-09-28,1,74.65640029907226,77.7036003112793,74.65640029907226,77.7036003112793
2021-09-29,1,73.8723973083496,76.88759719848633,73.8723973083496,76.88759719848633
2021-09-30,1,71.38319641113281,74.29679626464844,71.38319641113281,74.29679626464844
2021-10-01,1,72.9315982055664,75.90839813232422,72.9315982055664,75.90839813232422
2021-10-04,1,71.76540328979492,74.69460342407227,71.76540328979492,74.69460342407227
2021-10-05,1,74.38200149536132,77.41800155639649,74.38200149536132,77.41800155639649
2021-10-06,1,74.1957991027832,77.22419906616211,74.1957991027832,77.22419906616211
2021-10-07,1,74.86219940185546,77.91779937744141,74.86219940185546,77.91779937744141
2021-10-08,1,75.79319641113281,78.88679626464844,75.79319641113281,78.88679626464844
2021-10-11,1,75.07780059814453,78.14220062255859,75.07780059814453,78.14220062255859
2021-10-12,1,75.72459671020508,78.81539657592774,75.72459671020508,78.81539657592774
2021-10-13,1,74.74459671020507,77.79539657592774,74.74459671020507,77.79539657592774
2021-10-14,1,76.54780059814453,79.67220062255859,76.54780059814453,79.67220062255859
2021-10-15,1,79.28200149536133,82.51800155639648,79.28200149536133,82.51800155639648
2021-10-18,1,78.93900299072266,82.16100311279297,78.93900299072266,82.16100311279297
2021-10-19,1,79.90920089721679,83.1708009338379,79.90920089721679,83.1708009338379
2021-10-20,1,79.95819641113282,83.22179626464843,79.95819641113282,83.22179626464843
2021-10-21,1,80.59519790649414,83.88479782104493,80.59519790649414,83.88479782104493
2021-10-22,1,81.87900299072265,85.22100311279297,81.87900299072265,85.22100311279297
2021-10-25,1,81.23219940185547,84.54779937744141,81.23219940185547,84.54779937744141
2021-10-26,1,81.39879760742187,84.72119750976563,81.39879760742187,84.72119750976563
2021-10-27,1,79.52700149536133,82.77300155639648,79.52700149536133,82.77300155639648
2021-10-28,1,80.35019790649415,83.62979782104492,80.35019790649415,83.62979782104492
2021-10-29,1,80.38939880371093,83.67059875488282,80.38939880371093,83.67059875488282
2021-11-01,1,80.23260269165038,83.50740280151368,80.23260269165038,83.50740280151368
2021-11-02,1,80.13459671020507,83.40539657592774,80.13459671020507,83.40539657592774
2021-11-03,1,81.6634017944336,84.99660186767578,81.6634017944336,84.99660186767578
2021-11-04,1,79.82099700927735,83.07899688720703,79.82099700927735,83.07899688720703
2021-11-05,1,79.52700149536133,82.77300155639648,79.52700149536133,82.77300155639648
2021-11-08,1,80.04640029907226,83.3136003112793,80.04640029907226,83.3136003112793
2021-11-09,1,79.16439880371094,82.39559875488281,79.16439880371094,82.39559875488281
2021-11-10,1,79.135,82.365,79.135,82.365
2021-11-11,1,79.77200149536132,83.02800155639649,79.77200149536132,83.02800155639649
2021-11-12,1,80.46780059814454,83.75220062255859,80.46780059814454,83.75220062255859
2021-11-15,1,80.28159820556641,83.55839813232421,80.28159820556641,83.55839813232421
2021-11-16,1,80.17379760742188,83.44619750976562,80.17379760742188,83.44619750976562
2021-11-17,1,79.7915982055664,83.04839813232422,79.7915982055664,83.04839813232422
2021-11-18,1,80.08560119628906,83.35440124511719,80.08560119628906,83.35440124511719
2021-11-19,1,78.56659820556641,81.77339813232422,78.56659820556641,81.77339813232422
2021-11-22,1,80.28159820556641,83.55839813232421,80.28159820556641,83.55839813232421
2021-11-23,1,81.28120239257812,84.59880249023438,81.28120239257812,84.59880249023438
2021-11-24,1,81.47719940185547,84.8027993774414,81.47719940185547,84.8027993774414
2021-11-26,1,77.56700149536132,80.73300155639649,77.56700149536132,80.73300155639649
2021-11-29,1,78.49799850463867,81.70199844360351,78.49799850463867,81.70199844360351
2021-11-30,1,75.84219940185547,78.93779937744141,75.84219940185547,78.93779937744141
2021-12-01,1,74.99939880371093,78.06059875488282,74.99939880371093,78.06059875488282
2021-12-02,1,78.5176026916504,81.72240280151367,78.5176026916504,81.72240280151367
2021-12-03,1,76.90060119628906,80.03940124511719,76.90060119628906,80.03940124511719
2021-12-06,1,78.76260269165039,81.97740280151368,78.76260269165039,81.97740280151368
2021-12-07,1,79.68379760742188,82.93619750976562,79.68379760742188,82.93619750976562
2021-12-08,1,79.57599700927734,82.82399688720703,79.57599700927734,82.82399688720703
2021-12-09,1,79.04680358886719,82.27320373535156,79.04680358886719,82.27320373535156
2021-12-10,1,79.19379760742187,82.42619750976563,79.19379760742187,82.42619750976563
2021-12-13,1,77.7923973083496,80.96759719848633,77.7923973083496,80.96759719848633
2021-12-14,1,79.17420089721679,82.4058009338379,79.17420089721679,82.4058009338379
2021-12-15,1,79.96799850463867,83.23199844360352,79.96799850463867,83.23199844360352
2021-12-16,1,82.21219940185547,85.5677993774414,82.21219940185547,85.5677993774414
2021-12-17,1,81.29099700927735,84.60899688720703,81.29099700927735,84.60899688720703
2021-12-20,1,79.06640029907227,82.29360031127929,79.06640029907227,82.29360031127929
2021-12-21,1,81.52620239257813,84.85380249023437,81.52620239257813,84.85380249023437
2021-12-22,1,82.69239730834961,86.06759719848633,82.69239730834961,86.06759719848633
2021-12-23,1,83.42739730834961,86.83259719848633,83.42739730834961,86.83259719848633
2021-12-27,1,84.10359970092773,87.5363996887207,84.10359970092773,87.5363996887207
2021-12-28,1,83.78999999999999,87.21000000000001,83.78999999999999,87.21000000000001
2021-12-29,1,83.2607991027832,86.65919906616212,83.2607991027832,86.65919906616212
2021-12-30,1,82.79040328979492,86.16960342407226,82.79040328979492,86.16960342407226
2021-12-31,1,82.41799850463867,85.78199844360351,82.41799850463867,85.78199844360351
2022-01-03,1,84.04480209350585,87.47520217895509,84.04480209350585,87.47520217895509
2022-01-04,1,88.1607991027832,91.75919906616211,88.1607991027832,91.75919906616211
2022-01-05,1,87.52379760742187,91.09619750976563,87.52379760742187,91.09619750976563
2022-01-06,1,88.92519790649412,92.55479782104491,88.92519790649412,92.55479782104491
2022-01-07,1,89.90519790649412,93.57479782104491,89.90519790649412,93.57479782104491
2022-01-10,1,89.81700149536132,93.48300155639649,89.81700149536132,93.48300155639649
2022-01-11,1,92.03180358886719,95.78820373535156,92.03180358886719,95.78820373535156
2022-01-12,1,92.92359970092774,96.7163996887207,92.92359970092774,96.7163996887207
2022-01-13,1,91.51239730834959,95.24759719848632,91.51239730834959,95.24759719848632
2022-01-14,1,93.61939880371094,97.44059875488281,93.61939880371094,97.44059875488281
2022-01-18,1,90.31680358886719,94.00320373535156,90.31680358886719,94.00320373535156
2022-01-19,1,89.67980209350587,93.3402021789551,89.67980209350587,93.3402021789551
2022-01-20,1,89.60140029907227,93.2586003112793,89.60140029907227,93.2586003112793
2022-01-21,1,87.41599700927735,90.98399688720703,87.41599700927735,90.98399688720703
2022-01-24,1,86.9357991027832,90.4841990661621,86.9357991027832,90.4841990661621
2022-01-25,1,86.75939880371094,90.30059875488281,86.75939880371094,90.30059875488281
2022-01-26,1,88.20980209350586,91.81020217895508,88.20980209350586,91.81020217895508
2022-01-27,1,87.90599700927734,91.49399688720703,87.90599700927734,91.49399688720703
2022-01-28,1,87.13180358886719,90.68820373535156,87.13180358886719,90.68820373535156
2022-01-31,1,85.94599700927735,89.45399688720703,85.94599700927735,89.45399688720703
2022-02-01,1,88.25879760742187,91.86119750976563,88.25879760742187,91.86119750976563
2022-02-02,1,88.55280059814453,92.1672006225586,88.55280059814453,92.1672006225586
2022-02-03,1,87.11219940185546,90.66779937744141,87.11219940185546,90.66779937744141
2022-02-04,1,90.06200149536133,93.73800155639648,90.06200149536133,93.73800155639648
2022-02-07,1,91.27719940185547,95.0027993774414,91.27719940185547,95.0027993774414
2022-02-08,1,93.0607991027832,96.8591990661621,93.0607991027832,96.8591990661621
2022-02-09,1,92.62959671020508,96.41039657592773,92.62959671020508,96.41039657592773
2022-02-10,1,90.99299850463866,94.70699844360352,90.99299850463866,94.70699844360352
2022-02-11,1,87.32780059814453,90.89220062255859,87.32780059814453,90.89220062255859
2022-02-14,1,85.98519790649414,89.49479782104493,85.98519790649414,89.49479782104493
2022-02-15,1,87.84719940185546,91.43279937744141,87.84719940185546,91.43279937744141
2022-02-16,1,87.54340179443359,91.11660186767578,87.54340179443359,91.11660186767578
2022-02-17,1,84.29959671020508,87.74039657592773,84.29959671020508,87.74039657592773
2022-02-18,1,83.89780059814453,87.3222006225586,83.89780059814453,87.3222006225586
2022-02-22,1,82.87859970092774,86.2613996887207,82.87859970092774,86.2613996887207
2022-02-23,1,80.89900299072265,84.20100311279298,80.89900299072265,84.20100311279298
2022-02-24,1,80.62459671020508,83.91539657592773,80.62459671020508,83.91539657592773
2022-02-25,1,84.035,87.465,84.035,87.465
2022-02-28,1,82.7707991027832,86.14919906616211,82.7707991027832,86.14919906616211
2022-03-01,1,76.30280059814453,79.4172006225586,76.30280059814453,79.4172006225586
2022-03-02,1,80.17379760742188,83.44619750976562,80.17379760742188,83.44619750976562
2022-03-03,1,79.0957991027832,82.32419906616211,79.0957991027832,82.32419906616211
2022-03-04,1,77.64540328979493,80.81460342407226,77.64540328979493,80.81460342407226
2022-03-07,1,74.83280059814453,77.8872006225586,74.83280059814453,77.8872006225586
2022-03-08,1,74.17620239257812,77.20380249023438,74.17620239257812,77.20380249023438
2022-03-09,1,77.80219940185546,80.97779937744141,77.80219940185546,80.97779937744141
2022-03-10,1,78.05700149536133,81.24300155639648,78.05700149536133,81.24300155639648
2022-03-11,1,78.63519790649414,81.84479782104492,78.63519790649414,81.84479782104492
2022-03-14,1,81.59480209350586,84.92520217895508,81.59480209350586,84.92520217895508
2022-03-15,1,81.5065982055664,84.83339813232422,81.5065982055664,84.83339813232422
2022-03-16,1,87.16120239257812,90.71880249023438,87.16120239257812,90.71880249023438
2022-03-17,1,87.98439880371093,91.57559875488282,87.98439880371093,91.57559875488282
2022-03-18,1,88.2,91.8,88.2,91.8
2022-03-21,1,87.22980209350585,90.79020217895508,87.22980209350585,90.79020217895508
2022-03-22,1,90.35599700927736,94.04399688720704,90.35599700927736,94.04399688720704
2022-03-23,1,87.955,91.545,87.955,91.545
2022-03-24,1,89.11140029907226,92.7486003112793,89.11140029907226,92.7486003112793
2022-03-25,1,89.53280059814453,93.18720062255859,89.53280059814453,93.18720062255859
2022-03-28,1,89.96400299072265,93.63600311279295,89.96400299072265,93.63600311279295
2022-03-29,1,89.39560119628906,93.04440124511719,89.39560119628906,93.04440124511719
2022-03-30,1,86.98480209350586,90.53520217895507,86.98480209350586,90.53520217895507
2022-03-31,1,82.62379760742188,85.99619750976562,82.62379760742188,85.99619750976562
2022-04-01,1,81.8692008972168,85.21080093383789,81.8692008972168,85.21080093383789
2022-04-04,1,80.65400299072266,83.94600311279297,80.65400299072266,83.94600311279297
2022-04-05,1,80.22280059814453,83.4972006225586,80.22280059814453,83.4972006225586
2022-04-06,1,79.2526026916504,82.48740280151367,79.2526026916504,82.48740280151367
2022-04-07,1,78.42939880371094,81.63059875488281,78.42939880371094,81.63059875488281
2022-04-08,1,80.05620239257813,83.32380249023437,80.05620239257813,83.32380249023437
2022-04-11,1,79.9484017944336,83.21160186767578,79.9484017944336,83.21160186767578
2022-04-12,1,78.46859970092773,81.67139968872071,78.46859970092773,81.67139968872071
2022-04-13,1,82.15340179443359,85.50660186767578,82.15340179443359,85.50660186767578
2022-04-14,1,81.095,84.405,81.095,84.405
2022-04-18,1,73.44120239257812,76.43880249023438,73.44120239257812,76.43880249023438
2022-04-19,1,75.36200149536133,78.43800155639649,75.36200149536133,78.43800155639649
2022-04-20,1,74.92099700927734,77.97899688720703,74.92099700927734,77.97899688720703
2022-04-21,1,71.80459671020508,74.73539657592774,71.80459671020508,74.73539657592774
2022-04-22,1,68.91359970092773,71.7263996887207,68.91359970092773,71.7263996887207
2022-04-25,1,68.90379760742188,71.71619750976562,68.90379760742188,71.71619750976562
2022-04-26,1,67.1692008972168,69.91080093383789,67.1692008972168,69.91080093383789
2022-04-27,1,67.2084017944336,69.95160186767578,67.2084017944336,69.95160186767578
2022-04-28,1,67.7376026916504,70.50240280151367,67.7376026916504,70.50240280151367
2022-04-29,1,65.00340179443359,67.65660186767579,65.00340179443359,67.65660186767579
2022-05-02,1,66.53219940185546,69.24779937744141,66.53219940185546,69.24779937744141
2022-05-03,1,68.0707991027832,70.84919906616211,68.0707991027832,70.84919906616211
2022-05-04,1,69.93280059814452,72.7872006225586,69.93280059814452,72.7872006225586
2022-05-05,1,68.45299850463867,71.24699844360352,68.45299850463867,71.24699844360352
2022-05-06,1,66.0715982055664,68.76839813232422,66.0715982055664,68.76839813232422
2022-05-09,1,62.847397308349606,65.41259719848632,62.847397308349606,65.41259719848632
2022-05-10,1,63.28840179443359,65.87160186767578,63.28840179443359,65.87160186767578
2022-05-11,1,63.81760269165039,66.42240280151367,63.81760269165039,66.42240280151367
2022-05-12,1,63.65099700927734,66.24899688720703,63.65099700927734,66.24899688720703
2022-05-13,1,64.29780059814453,66.92220062255859,64.29780059814453,66.92220062255859
2022-05-16,1,62.75920089721679,65.32080093383789,62.75920089721679,65.32080093383789
2022-05-17,1,63.895997009277345,66.50399688720704,63.895997009277345,66.50399688720704
2022-05-18,1,62.0046004486084,64.53540046691894,62.0046004486084,64.53540046691894
2022-05-19,1,61.40679985046387,63.91319984436035,61.40679985046387,63.91319984436035
2022-05-20,1,62.01439880371095,64.54559875488282,62.01439880371095,64.54559875488282
2022-05-23,1,63.96459671020508,66.57539657592774,63.96459671020508,66.57539657592774
2022-05-24,1,62.6611986541748,65.21879859924316,62.6611986541748,65.21879859924316
2022-05-25,1,64.48400299072266,67.11600311279297,64.48400299072266,67.11600311279297
2022-05-26,1,67.44359970092773,70.1963996887207,67.44359970092773,70.1963996887207
2022-05-27,1,69.17819641113282,72.00179626464843,69.17819641113282,72.00179626464843
2022-05-31,1,68.69799850463868,71.50199844360351,68.69799850463868,71.50199844360351
2022-06-01,1,68.17859970092773,70.9613996887207,68.17859970092773,70.9613996887207
2022-06-02,1,70.23659820556641,73.10339813232422,70.23659820556641,73.10339813232422
2022-06-03,1,68.66859970092773,71.47139968872071,68.66859970092773,71.47139968872071
2022-06-06,1,66.69879760742188,69.42119750976562,66.69879760742188,69.42119750976562
2022-06-07,1,66.14019790649414,68.83979782104493,66.14019790649414,68.83979782104493
2022-06-08,1,64.41540328979492,67.04460342407226,64.41540328979492,67.04460342407226
2022-06-09,1,62.964999999999996,65.535,62.964999999999996,65.535
2022-06-10,1,60.97560119628906,63.46440124511719,60.97560119628906,63.46440124511719
2022-06-13,1,59.03520164489746,61.44480171203613,59.03520164489746,61.44480171203613
2022-06-14,1,59.88780059814453,62.332200622558595,59.88780059814453,62.332200622558595
2022-06-15,1,60.279798355102535,62.74019828796387,60.279798355102535,62.74019828796387
2022-06-16,1,59.64280059814453,62.07720062255859,59.64280059814453,62.07720062255859
2022-06-17,1,58.79020164489746,61.189801712036136,58.79020164489746,61.189801712036136
2022-06-21,1,61.13240104675293,63.62760108947754,61.13240104675293,63.62760108947754
2022-06-22,1,61.1911986541748,63.68879859924316,61.1911986541748,63.68879859924316
2022-06-23,1,60.789398803710945,63.27059875488282,60.789398803710945,63.27059875488282
2022-06-24,1,63.14140029907227,65.7186003112793,63.14140029907227,65.7186003112793
2022-06-27,1,62.86700149536133,65.43300155639649,62.86700149536133,65.43300155639649
2022-06-28,1,62.88659820556641,65.45339813232422,62.88659820556641,65.45339813232422
2022-06-29,1,62.34759895324707,64.89239891052246,62.34759895324707,64.89239891052246
2022-06-30,1,61.916400299072265,64.4436003112793,61.916400299072265,64.4436003112793
2022-07-01,1,62.6415982055664,65.19839813232421,62.6415982055664,65.19839813232421
2022-07-05,1,62.12219940185547,64.6577993774414,62.12219940185547,64.6577993774414
2022-07-06,1,62.171198654174795,64.70879859924315,62.171198654174795,64.70879859924315
2022-07-07,1,62.95519790649414,65.52479782104493,62.95519790649414,65.52479782104493
2022-07-08,1,63.07280059814453,65.6472006225586,63.07280059814453,65.6472006225586
2022-07-11,1,61.6811986541748,64.19879859924316,61.6811986541748,64.19879859924316
2022-07-12,1,61.004999999999995,63.495000000000005,61.004999999999995,63.495000000000005
2022-07-13,1,60.31899925231934,62.78099922180176,60.31899925231934,62.78099922180176
2022-07-14,1,59.35859970092773,61.781399688720704,59.35859970092773,61.781399688720704
2022-07-15,1,60.93640029907226,63.4236003112793,60.93640029907226,63.4236003112793
2022-07-18,1,60.01520164489746,62.464801712036135,60.01520164489746,62.464801712036135
2022-07-19,1,61.936000747680666,64.46400077819824,61.936000747680666,64.46400077819824
2022-07-20,1,61.57340179443359,64.08660186767578,61.57340179443359,64.08660186767578
2022-07-21,1,61.86740104675293,64.39260108947754,61.86740104675293,64.39260108947754
2022-07-22,1,61.73020164489746,64.24980171203613,61.73020164489746,64.24980171203613
2022-07-25,1,62.386799850463866,64.93319984436036,62.386799850463866,64.93319984436036
2022-07-26,1,59.9465982055664,62.39339813232422,59.9465982055664,62.39339813232422
2022-07-27,1,61.25979835510254,63.76019828796387,61.25979835510254,63.76019828796387
2022-07-28,1,66.34599700927734,69.05399688720703,66.34599700927734,69.05399688720703
2022-07-29,1,67.66900299072266,70.43100311279296,67.66900299072266,70.43100311279296
2022-08-01,1,67.34560119628907,70.09440124511718,67.34560119628907,70.09440124511718
2022-08-02,1,66.19900299072266,68.90100311279296,66.19900299072266,68.90100311279296
2022-08-03,1,67.60040328979493,70.35960342407226,67.60040328979493,70.35960342407226
2022-08-04,1,67.62,70.38,67.62,70.38
2022-08-05,1,67.92379760742188,70.69619750976562,67.92379760742188,70.69619750976562
2022-08-08,1,67.08099700927734,69.81899688720704,67.08099700927734,69.81899688720704
2022-08-09,1,67.65920089721679,70.4208009338379,67.65920089721679,70.4208009338379
2022-08-10,1,68.54120239257813,71.33880249023437,68.54120239257813,71.33880249023437
2022-08-11,1,71.11859970092773,74.0213996887207,71.11859970092773,74.0213996887207
2022-08-12,1,73.5,76.5,73.5,76.5
2022-08-15,1,74.34280059814454,77.37720062255859,74.34280059814454,77.37720062255859
2022-08-16,1,75.63640029907226,78.7236003112793,75.63640029907226,78.7236003112793
2022-08-17,1,73.95079910278321,76.9691990661621,73.95079910278321,76.9691990661621
2022-08-18,1,74.235,77.265,74.235,77.265
2022-08-19,1,72.38280059814453,75.3372006225586,72.38280059814453,75.3372006225586
2022-08-22,1,71.09900299072265,74.00100311279297,71.09900299072265,74.00100311279297
2022-08-23,1,71.33420089721679,74.2458009338379,71.33420089721679,74.2458009338379
2022-08-24,1,71.85359970092773,74.7863996887207,71.85359970092773,74.7863996887207
2022-08-25,1,72.52,75.48,72.52,75.48
2022-08-26,1,70.45219940185547,73.32779937744141,70.45219940185547,73.32779937744141
2022-08-29,1,70.50120239257812,73.37880249023438,70.50120239257812,73.37880249023438
2022-08-30,1,71.05,73.95,71.05,73.95
2022-08-31,1,69.53099700927734,72.36899688720703,69.53099700927734,72.36899688720703
2022-09-01,1,70.28560119628906,73.15440124511719,70.28560119628906,73.15440124511719
2022-09-02,1,68.93319641113281,71.74679626464844,68.93319641113281,71.74679626464844
2022-09-06,1,69.06060119628906,71.8794012451172,69.06060119628906,71.8794012451172
2022-09-07,1,70.3542008972168,73.22580093383789,70.3542008972168,73.22580093383789
2022-09-08,1,71.69680358886718,74.62320373535157,71.69680358886718,74.62320373535157
2022-09-09,1,73.04920089721679,76.0308009338379,73.04920089721679,76.0308009338379
2022-09-12,1,73.42159820556641,76.41839813232421,73.42159820556641,76.41839813232421
2022-09-13,1,71.49099700927734,74.40899688720704,71.49099700927734,74.40899688720704
2022-09-14,1,71.295,74.205,71.295,74.205
2022-09-15,1,71.12840179443359,74.03160186767579,71.12840179443359,74.03160186767579
2022-09-16,1,70.43260269165039,73.30740280151367,70.43260269165039,73.30740280151367
2022-09-19,1,72.2357991027832,75.18419906616211,72.2357991027832,75.18419906616211
2022-09-20,1,71.88299850463866,74.81699844360352,71.88299850463866,74.81699844360352
2022-09-21,1,71.4518035888672,74.36820373535156,71.4518035888672,74.36820373535156
2022-09-22,1,70.61879760742187,73.50119750976563,70.61879760742187,73.50119750976563
2022-09-23,1,69.47219940185546,72.30779937744141,69.47219940185546,72.30779937744141
2022-09-26,1,69.47219940185546,72.30779937744141,69.47219940185546,72.30779937744141
2022-09-27,1,70.19739730834961,73.06259719848633,70.19739730834961,73.06259719848633
2022-09-28,1,71.785,74.715,71.785,74.715
2022-09-29,1,71.18719940185547,74.09279937744141,71.18719940185547,74.09279937744141
2022-09-30,1,70.43260269165039,73.30740280151367,70.43260269165039,73.30740280151367
2022-10-03,1,71.7457991027832,74.67419906616212,71.7457991027832,74.67419906616212
2022-10-04,1,74.69560119628906,77.74440124511719,74.69560119628906,77.74440124511719
2022-10-05,1,74.41140029907227,77.4486003112793,74.41140029907227,77.4486003112793
2022-10-06,1,74.47019790649414,77.50979782104493,74.47019790649414,77.50979782104493
2022-10-07,1,72.82379760742188,75.79619750976562,72.82379760742188,75.79619750976562
2022-10-10,1,72.08879760742187,75.03119750976563,72.08879760742187,75.03119750976563
2022-10-11,1,70.2757991027832,73.14419906616212,70.2757991027832,73.14419906616212
2022-10-12,1,70.45219940185547,73.32779937744141,70.45219940185547,73.32779937744141
2022-10-13,1,72.58859970092773,75.5513996887207,72.58859970092773,75.5513996887207
2022-10-14,1,67.60040328979493,70.35960342407226,67.60040328979493,70.35960342407226
2022-10-17,1,66.08140029907227,68.77860031127929,66.08140029907227,68.77860031127929
2022-10-18,1,67.23780059814453,69.9822006225586,67.23780059814453,69.9822006225586
2022-10-19,1,67.3357991027832,70.08419906616211,67.3357991027832,70.08419906616211
2022-10-20,1,66.64,69.36,66.64,69.36
2022-10-21,1,68.91359970092773,71.7263996887207,68.91359970092773,71.7263996887207
2022-10-24,1,69.28599700927734,72.11399688720704,69.28599700927734,72.11399688720704
2022-10-25,1,71.0107991027832,73.90919906616212,71.0107991027832,73.90919906616212
2022-10-26,1,71.49099700927734,74.40899688720704,71.49099700927734,74.40899688720704
2022-10-27,1,75.78340179443359,78.87660186767579,75.78340179443359,78.87660186767579
2022-10-28,1,78.58620239257813,81.79380249023437,78.58620239257813,81.79380249023437
2022-10-31,1,78.0765982055664,81.26339813232423,78.0765982055664,81.26339813232423
2022-11-01,1,78.29219940185547,81.4877993774414,78.29219940185547,81.4877993774414
2022-11-02,1,77.35140029907227,80.5086003112793,77.35140029907227,80.5086003112793
2022-11-03,1,77.37099700927735,80.52899688720703,77.37099700927735,80.52899688720703
2022-11-04,1,77.46900299072266,80.63100311279297,77.46900299072266,80.63100311279297
2022-11-07,1,78.05700149536133,81.24300155639648,78.05700149536133,81.24300155639648
2022-11-08,1,78.03739730834961,81.22259719848633,78.03739730834961,81.22259719848633
2022-11-09,1,76.70459671020508,79.83539657592773,76.70459671020508,79.83539657592773
2022-11-10,1,76.98879760742187,80.13119750976563,76.98879760742187,80.13119750976563
2022-11-11,1,76.79280059814452,79.9272006225586,76.79280059814452,79.9272006225586
2022-11-14,1,74.94060119628907,77.99940124511718,74.94060119628907,77.99940124511718
2022-11-15,1,76.73400299072266,79.86600311279297,76.73400299072266,79.86600311279297
2022-11-16,1,75.86180358886719,78.95820373535156,75.86180358886719,78.95820373535156
2022-11-17,1,76.34200149536133,79.45800155639648,76.34200149536133,79.45800155639648
2022-11-18,1,78.21379760742187,81.40619750976563,78.21379760742187,81.40619750976563
2022-11-21,1,78.4,81.6,78.4,81.6
2022-11-22,1,79.63480209350585,82.88520217895508,79.63480209350585,82.88520217895508
2022-11-23,1,79.78180358886719,83.03820373535156,79.78180358886719,83.03820373535156
2022-11-25,1,79.97780059814453,83.2422006225586,79.97780059814453,83.2422006225586
2022-11-28,1,78.23340179443359,81.42660186767579,78.23340179443359,81.42660186767579
2022-11-29,1,78.78219940185546,81.99779937744141,78.78219940185546,81.99779937744141
2022-11-30,1,80.8892008972168,84.19080093383789,80.8892008972168,84.19080093383789
2022-12-01,1,80.09540328979492,83.36460342407227,80.09540328979492,83.36460342407227
2022-12-02,1,80.8107991027832,84.1091990661621,80.8107991027832,84.1091990661621
2022-12-05,1,79.61519790649415,82.86479782104492,79.61519790649415,82.86479782104492
2022-12-06,1,78.97819641113281,82.20179626464844,78.97819641113281,82.20179626464844
2022-12-07,1,78.58620239257813,81.79380249023437,78.58620239257813,81.79380249023437
2022-12-08,1,78.645,81.855,78.645,81.855
2022-12-09,1,78.22359970092774,81.4163996887207,78.22359970092774,81.4163996887207
2022-12-12,1,78.46370239257813,81.66630249023437,78.46370239257813,81.66630249023437
